vB_BceS_LY4_1	MN940411_00020	54.6	43.3
vB_BceS_LY4_1	MT724048_00017	43.0	47.8
vB_BceS_LY4_1	KX160204_00035	38.6	45.5
vB_BceS_LY4_1	KX160219_00031	36.6	51.3
vB_BceS_LY4_1	KX456211_00029	35.8	51.3
vB_BceS_LY4_1	KX077890_00026	35.3	41.1
vB_BceS_LY4_1	KC413987_00025	35.3	41.1
vB_BceS_LY4_1	MW584197_00073	41.1	39.7
vB_BceS_LY4_1	MW584159_00069	40.0	39.7
vB_BceS_LY4_1	MW314854_00015	40.0	39.7
vB_BceS_LY4_1	MF919542_00001	34.7	44.6
vB_BceS_LY4_1	MT601273_00132	26.5	92.4
vB_BceS_LY4_1	OL455888_00059	37.4	38.8
vB_BceS_LY4_1	MZ969646_00119	31.9	49.6
vB_BceS_LY4_1	KJ410740_00118	33.3	41.5
vB_BceS_LY4_1	MT601274_00116	31.9	49.6
vB_BceS_LY4_1	MT601273_00111	31.9	49.6
vB_BceS_LY4_1	MT601274_00137	26.0	92.4
vB_BceS_LY4_1	JF923796_00074	40.3	27.7
vB_BceS_LY4_1	GU936714_00016	34.4	37.1
vB_BceS_LY4_1	KJ019151_00260	37.8	33.0
vB_BceS_LY4_1	KJ019146_00261	37.8	33.0
vB_BceS_LY4_1	KJ019091_00253	37.8	33.0
vB_BceS_LY4_1	KJ019058_00263	37.8	33.0
vB_BceS_LY4_1	KJ019155_00257	37.8	33.0
vB_BceS_LY4_2	GU229986_00009	89.9	99.4
vB_BceS_LY4_2	MG784342_00001	71.8	99.4
vB_BceS_LY4_2	MH598512_00001	71.6	99.4
vB_BceS_LY4_2	JQ619704_00002	71.0	99.4
vB_BceS_LY4_2	MK448686_00032	67.4	99.1
vB_BceS_LY4_2	MK448977_00037	66.9	99.1
vB_BceS_LY4_2	MK448965_00022	66.9	99.1
vB_BceS_LY4_2	MK448960_00032	66.9	99.1
vB_BceS_LY4_2	MK448959_00022	66.9	99.1
vB_BceS_LY4_2	MK448958_00032	66.9	99.1
vB_BceS_LY4_2	MK448954_00031	66.9	99.1
vB_BceS_LY4_2	MK448949_00024	66.9	99.1
vB_BceS_LY4_2	MK448791_00037	66.9	99.1
vB_BceS_LY4_2	MK448788_00037	66.9	99.1
vB_BceS_LY4_2	MK448762_00033	66.9	99.1
vB_BceS_LY4_2	MK448951_00031	66.9	99.1
vB_BceS_LY4_2	MK448793_00035	66.3	99.1
vB_BceS_LY4_2	MK448733_00028	65.0	99.4
vB_BceS_LY4_2	MK448904_00031	64.4	99.4
vB_BceS_LY4_2	MK448862_00032	66.9	99.1
vB_BceS_LY4_2	MK044829_00039	64.7	99.4
vB_BceS_LY4_2	KY065465_00033	64.7	99.4
vB_BceS_LY4_2	MW057932_00037	64.4	99.4
vB_BceS_LY4_2	MH341451_00002	57.4	99.1
vB_BceS_LY4_2	KP399677_00002	57.0	99.1
vB_BceS_LY4_3	EU874396_00044	85.0	85.2
vB_BceS_LY4_3	MK843319_00001	88.6	81.3
vB_BceS_LY4_3	KJ920400_00068	88.6	81.3
vB_BceS_LY4_3	KT970646_00001	88.6	81.3
vB_BceS_LY4_3	KT970645_00001	88.6	81.3
vB_BceS_LY4_3	HE614282_00003	88.6	81.3
vB_BceS_LY4_3	HE614281_00003	88.6	81.3
vB_BceS_LY4_3	AY894696_00003	88.6	81.3
vB_BceS_LY4_3	KJ024807_00003	84.6	85.2
vB_BceS_LY4_3	KX227759_00014	86.3	83.9
vB_BceS_LY4_3	KX227758_00024	86.3	83.9
vB_BceS_LY4_3	MK843319_00072	88.4	68.8
vB_BceS_LY4_3	KM983333_00030	45.4	96.7
vB_BceS_LY4_3	KM983330_00030	45.4	96.7
vB_BceS_LY4_3	GU568037_00001	50.8	73.0
vB_BceS_LY4_3	MZ983385_00083	48.1	73.0
vB_BceS_LY4_3	AB711120_00050	38.7	85.2
vB_BceS_LY4_3	MH884512_00008	36.3	78.6
vB_BceS_LY4_3	AY616446_00030	39.7	73.0
vB_BceS_LY4_3	KY206887_00024	38.5	57.2
vB_BceS_LY4_3	OP753453_00057	38.5	57.2
vB_BceS_LY4_3	OP753452_00057	38.5	57.2
vB_BceS_LY4_3	OP753451_00057	38.5	57.2
vB_BceS_LY4_3	OP753450_00057	38.5	57.2
vB_BceS_LY4_3	OP753449_00057	38.5	57.2
vB_BceS_LY4_4	EU874396_00043	100	98.6
vB_BceS_LY4_4	KX227759_00013	92.9	97.2
vB_BceS_LY4_4	KX227758_00023	92.9	97.2
vB_BceS_LY4_4	KX227760_00003	57.7	98.6
vB_BceS_LY4_4	KX227760_00066	57.7	98.6
vB_BceS_LY4_4	KX227757_00003	57.7	98.6
vB_BceS_LY4_4	KX227757_00065	57.7	98.6
vB_BceS_LY4_4	KT725776_00033	57.7	98.6
vB_BceS_LY4_4	MG710484_00059	54.9	98.6
vB_BceS_LY4_4	KT967075_00059	54.9	98.6
vB_BceS_LY4_4	JN191664_00057	54.9	98.6
vB_BceS_LY4_4	MW302330_00084	54.9	98.6
vB_BceS_LY4_4	GU233956_00053	55.1	95.8
vB_BceS_LY4_4	MK843319_00073	52.1	98.6
vB_BceS_LY4_4	KJ920400_00069	52.1	98.6
vB_BceS_LY4_4	KT970646_00068	52.1	98.6
vB_BceS_LY4_4	KT970645_00063	52.1	98.6
vB_BceS_LY4_4	HE614282_00002	52.1	98.6
vB_BceS_LY4_4	HE614281_00002	52.1	98.6
vB_BceS_LY4_4	AY894696_00002	52.1	98.6
vB_BceS_LY4_4	JQ062992_00033	53.5	98.6
vB_BceS_LY4_4	KT626446_00007	50.0	97.2
vB_BceS_LY4_4	MT745956_00050	52.2	95.8
vB_BceS_LY4_4	OK499979_00053	52.2	95.8
vB_BceS_LY4_4	MT745954_00050	52.2	95.8
vB_BceS_LY4_5	EU874396_00042	100	98.5
vB_BceS_LY4_5	LR756503_00940	28.9	89.7
vB_BceS_LY4_5	LR756501_00940	28.9	89.7
vB_BceS_LY4_6	EU874396_00041	98.5	98.5
vB_BceS_LY4_7	EU874396_00040	100	97.9
vB_BceS_LY4_7	MT416612_00212	60.5	91.5
vB_BceS_LY4_8	EU874396_00039	100	98.5
vB_BceS_LY4_8	DQ289555_00054	70.0	90.9
vB_BceS_LY4_8	KY963370_00056	70.0	90.9
vB_BceS_LY4_8	DQ289556_00053	70.0	90.9
vB_BceS_LY4_8	DQ222855_00049	70.0	90.9
vB_BceS_LY4_8	DQ222853_00053	70.0	90.9
vB_BceS_LY4_8	DQ222851_00051	70.0	90.9
vB_BceS_LY4_8	DQ150593_00051	70.0	90.9
vB_BceS_LY4_9	EU874396_00038	100	99.1
vB_BceS_LY4_9	GU229986_00082	100	99.1
vB_BceS_LY4_9	ON881243_00125	77.1	97.3
vB_BceS_LY4_9	ON133270_00105	77.1	97.3
vB_BceS_LY4_9	OM634653_00150	77.1	97.3
vB_BceS_LY4_9	OM236516_00017	76.1	97.3
vB_BceS_LY4_9	OM112209_00051	63.6	98.2
vB_BceS_LY4_9	DQ535032_00103	40.8	91.1
vB_BceS_LY4_9	KY549443_00153	38.1	92.9
vB_BceS_LY4_9	OL799258_00150	38.1	92.9
vB_BceS_LY4_9	OL870611_00040	38.1	92.9
vB_BceS_LY4_9	MH791397_00048	38.1	92.9
vB_BceS_LY4_9	ON506928_00165	38.1	92.9
vB_BceS_LY4_9	ON125307_00052	38.1	92.9
vB_BceS_LY4_9	OM966901_00049	38.1	92.9
vB_BceS_LY4_9	MW004545_00124	38.1	92.9
vB_BceS_LY4_9	MW004544_00049	38.1	92.9
vB_BceS_LY4_9	MT856905_00053	38.1	92.9
vB_BceS_LY4_9	CAJDKA010000002_00152	37.1	92.9
vB_BceS_LY4_9	MN027503_00167	38.1	92.9
vB_BceS_LY4_9	KP339049_00049	38.1	92.9
vB_BceS_LY4_9	LC596379_00172	34.8	98.2
vB_BceS_LY4_9	LC596378_00172	34.8	98.2
vB_BceS_LY4_9	LC596377_00172	34.8	98.2
vB_BceS_LY4_9	CAJDJY010000002_00171	34.8	98.2
vB_BceS_LY4_10	EU874396_00037	97.7	80.0
vB_BceS_LY4_10	GU229986_00081	97.7	80.0
vB_BceS_LY4_10	KX227759_00007	60.9	80.0
vB_BceS_LY4_10	KX227758_00017	60.9	80.0
vB_BceS_LY4_10	ON528935_00050	38.6	79.4
vB_BceS_LY4_10	OM236514_00050	38.6	79.4
vB_BceS_LY4_10	HM072038_00048	38.6	79.4
vB_BceS_LY4_10	AB016282_00051	38.6	79.4
vB_BceS_LY4_11	EU874396_00068	67.1	99.5
vB_BceS_LY4_11	GU229986_00035	67.1	99.5
vB_BceS_LY4_11	MN091625_00120	65.0	98.9
vB_BceS_LY4_11	AY954970_00092	64.8	98.9
vB_BceS_LY4_11	MT151386_00169	64.8	98.9
vB_BceS_LY4_11	MH321491_00137	63.4	98.9
vB_BceS_LY4_11	AB853331_00120	62.9	98.9
vB_BceS_LY4_11	AB853330_00112	62.9	98.9
vB_BceS_LY4_11	KF021268_00065	63.4	98.9
vB_BceS_LY4_11	MT596506_00167	63.1	98.9
vB_BceS_LY4_11	MT596505_00178	63.1	98.9
vB_BceS_LY4_11	MT596504_00094	63.1	98.9
vB_BceS_LY4_11	MT596503_00107	63.1	98.9
vB_BceS_LY4_11	MT787017_00106	62.6	98.9
vB_BceS_LY4_11	AB903967_00096	63.1	98.9
vB_BceS_LY4_11	MT080595_00166	63.1	98.9
vB_BceS_LY4_11	OQ094961_00148	63.1	98.9
vB_BceS_LY4_11	OQ025230_00058	63.1	98.9
vB_BceS_LY4_11	OQ025229_00058	63.1	98.9
vB_BceS_LY4_11	MW546076_00149	63.1	98.9
vB_BceS_LY4_11	MW546077_00139	63.1	98.9
vB_BceS_LY4_11	MW546075_00150	63.1	98.9
vB_BceS_LY4_11	MW546071_00139	63.1	98.9
vB_BceS_LY4_11	JX846612_00174	63.1	98.9
vB_BceS_LY4_11	JX846613_00166	63.1	98.9
vB_BceS_LY4_12	MH375593_00054	63.0	96.4
vB_BceS_LY4_12	MH892376_00044	63.0	96.4
vB_BceS_LY4_12	MH892363_00044	63.0	96.4
vB_BceS_LY4_12	MH937494_00055	63.0	96.4
vB_BceS_LY4_12	EU874396_00069	54.7	94.6
vB_BceS_LY4_12	GU229986_00036	54.7	94.6
vB_BceS_LY4_12	KM983334_00068	62.2	80.4
vB_BceS_LY4_12	KM983331_00068	62.2	80.4
vB_BceS_LY4_12	OK247671_00002	46.0	89.3
vB_BceS_LY4_14	OP066531_00046	59.6	78.6
vB_BceS_LY4_14	MK843319_00062	56.4	81.4
vB_BceS_LY4_14	KJ920400_00010	56.4	81.4
vB_BceS_LY4_14	KT970646_00057	56.4	81.4
vB_BceS_LY4_14	KT970645_00052	56.4	81.4
vB_BceS_LY4_14	HE614282_00056	56.4	81.4
vB_BceS_LY4_14	HE614281_00056	56.4	81.4
vB_BceS_LY4_14	KT852578_00049	50.9	80.0
vB_BceS_LY4_14	HQ332138_00041	53.7	78.1
vB_BceS_LY4_14	KT151958_00075	52.8	77.6
vB_BceS_LY4_14	KT151956_00075	52.8	77.6
vB_BceS_LY4_14	KC595518_00068	52.8	77.6
vB_BceS_LY4_14	KC595517_00067	53.4	77.6
vB_BceS_LY4_14	KC595515_00078	52.8	77.6
vB_BceS_LY4_14	KC595514_00078	52.8	77.6
vB_BceS_LY4_14	KJ024807_00063	56.6	78.6
vB_BceS_LY4_14	CP063417_00055	43.8	77.1
vB_BceS_LY4_14	DQ340064_00009	40.5	77.6
vB_BceS_LY4_14	KX965989_00025	39.6	78.1
vB_BceS_LY4_14	MK759918_00042	42.2	72.9
vB_BceS_LY4_14	KX190833_00022	47.4	54.8
vB_BceS_LY4_14	MZ983385_00012	35.6	77.1
vB_BceS_LY4_14	OP142323_00065	39.1	75.7
vB_BceS_LY4_14	ON325435_00060	39.1	75.7
vB_BceS_LY4_14	ON550478_00064	39.1	75.7
vB_BceS_LY4_16	EU874396_00034	85.5	69.6
vB_BceS_LY4_16	GU229986_00078	85.5	69.6
vB_BceS_LY4_16	KX227759_00004	85.5	69.6
vB_BceS_LY4_16	KX227758_00014	85.5	69.6
vB_BceS_LY4_17	GU233956_00049	100	99.1
vB_BceS_LY4_17	EU874396_00033	98.9	85.8
vB_BceS_LY4_17	GU229986_00077	98.9	85.8
vB_BceS_LY4_17	KX227760_00059	98.9	85.8
vB_BceS_LY4_17	KX227759_00003	98.9	85.8
vB_BceS_LY4_17	KX227758_00013	98.9	85.8
vB_BceS_LY4_17	KX227757_00058	98.9	85.8
vB_BceS_LY4_17	OK499979_00047	93.4	85.8
vB_BceS_LY4_18	GU233956_00048	100	98.6
vB_BceS_LY4_20	KT725776_00024	92.0	99.6
vB_BceS_LY4_20	GU233956_00047	92.0	99.6
vB_BceS_LY4_20	KX190833_00040	71.0	99.6
vB_BceS_LY4_20	MT880871_00028	34.4	97.9
vB_BceS_LY4_20	JN700520_00028	30.7	98.3
vB_BceS_LY4_20	OK499977_00163	28.7	69.5
vB_BceS_LY4_20	EU340421_00030	30.7	68.2
vB_BceS_LY4_20	KT001912_00058	29.0	69.0
vB_BceS_LY4_20	MG913376_00028	29.6	67.4
vB_BceS_LY4_20	AY739900_00031	30.1	67.8
vB_BceS_LY4_20	LR990833_00044	29.9	70.7
vB_BceS_LY4_20	MG264739_00005	31.6	66.5
vB_BceS_LY4_20	KY794642_00048	27.3	69.5
vB_BceS_LY4_20	OP018674_00059	28.7	68.2
vB_BceS_LY4_20	MZ417331_00113	28.8	68.2
vB_BceS_LY4_20	KX160207_00019	25.1	70.3
vB_BceS_LY4_20	OP947161_00039	26.6	67.4
vB_BceS_LY4_20	MT774394_00070	29.3	62.8
vB_BceS_LY4_20	MZ417354_00018	28.8	68.2
vB_BceS_LY4_20	MZ417350_00128	28.8	68.2
vB_BceS_LY4_20	MZ417347_00001	28.8	68.2
vB_BceS_LY4_20	MZ417346_00161	28.8	68.2
vB_BceS_LY4_20	MZ417345_00085	28.8	68.2
vB_BceS_LY4_20	MZ417340_00019	28.8	68.2
vB_BceS_LY4_20	MZ417337_00188	28.8	68.2
vB_BceS_LY4_21	MK843319_00056	73.9	99.3
vB_BceS_LY4_23	KJ081346_00122	46.1	96.7
vB_BceS_LY4_23	JX094431_00083	45.6	97.8
vB_BceS_LY4_23	MH638312_00222	44.4	97.8
vB_BceS_LY4_23	OL964058_00164	43.8	96.7
vB_BceS_LY4_23	MN364664_00212	39.3	97.8
vB_BceS_LY4_23	KT995480_00226	36.7	98.9
vB_BceS_LY4_23	MH638309_00226	36.7	98.9
vB_BceS_LY4_23	MG602477_00202	43.8	96.7
vB_BceS_LY4_23	KX495186_00084	43.8	96.7
vB_BceS_LY4_23	KF669662_00155	41.6	97.8
vB_BceS_LY4_23	KY888882_00156	42.5	95.6
vB_BceS_LY4_23	JN790865_00199	41.4	95.6
vB_BceS_LY4_23	JN797796_00200	41.4	95.6
vB_BceS_LY4_23	KU737345_00157	39.5	95.6
vB_BceS_LY4_23	OM350011_00159	39.5	95.6
vB_BceS_LY4_23	OK499990_00148	39.5	95.6
vB_BceS_LY4_23	OK499976_00149	39.5	95.6
vB_BceS_LY4_23	MW281503_00153	39.5	95.6
vB_BceS_LY4_23	MN038178_00157	39.5	95.6
vB_BceS_LY4_23	KU737347_00152	39.5	95.6
vB_BceS_LY4_23	KF669647_00153	39.5	95.6
vB_BceS_LY4_23	KF208639_00159	39.5	95.6
vB_BceS_LY4_23	KJ489402_00155	39.5	95.6
vB_BceS_LY4_23	MF765814_00153	39.5	95.6
vB_BceS_LY4_23	KT307976_00157	39.5	95.6
vB_BceS_LY4_24	EU874396_00030	100	98.7
vB_BceS_LY4_24	GU229986_00074	100	98.7
vB_BceS_LY4_24	KX227760_00054	100	98.7
vB_BceS_LY4_24	KX227759_00078	100	98.7
vB_BceS_LY4_24	KX227758_00010	100	98.7
vB_BceS_LY4_24	KX227757_00053	100	98.7
vB_BceS_LY4_24	KT725776_00023	100	98.7
vB_BceS_LY4_24	GU233956_00045	100	98.7
vB_BceS_LY4_24	MN153503_00026	44.3	85.7
vB_BceS_LY4_24	KU737347_00025	46.3	70.1
vB_BceS_LY4_24	OM350011_00027	44.4	70.1
vB_BceS_LY4_24	MW281503_00024	44.4	70.1
vB_BceS_LY4_24	KJ489402_00026	44.4	70.1
vB_BceS_LY4_24	MF765814_00025	44.4	70.1
vB_BceS_LY4_24	KU737345_00025	44.4	70.1
vB_BceS_LY4_24	KF208639_00030	44.4	70.1
vB_BceS_LY4_24	OK499990_00025	42.6	70.1
vB_BceS_LY4_24	OK499976_00026	42.6	70.1
vB_BceS_LY4_24	KT307976_00028	42.6	70.1
vB_BceS_LY4_24	KF669647_00025	42.6	70.1
vB_BceS_LY4_24	MN038178_00025	36.5	84.4
vB_BceS_LY4_26	KT725776_00020	100	98.4
vB_BceS_LY4_26	KF669661_00017	51.1	72.1
vB_BceS_LY4_26	KP696447_00016	51.1	72.1
vB_BceS_LY4_27	KT725776_00019	100	97.4
vB_BceS_LY4_28	KT725776_00018	89.2	99.3
vB_BceS_LY4_28	KX227760_00049	88.5	99.3
vB_BceS_LY4_28	KX227757_00048	88.5	99.3
vB_BceS_LY4_28	EU874396_00022	74.3	99.3
vB_BceS_LY4_28	GU229986_00069	68.8	99.3
vB_BceS_LY4_28	KX227759_00073	68.8	99.3
vB_BceS_LY4_28	KX227758_00005	68.8	99.3
vB_BceS_LY4_28	GU233956_00040	63.7	99.3
vB_BceS_LY4_28	ON210835_00071	50.3	96.6
vB_BceS_LY4_28	ON210834_00075	50.3	96.6
vB_BceS_LY4_28	MH460824_00056	47.7	98.0
vB_BceS_LY4_28	MH460827_00066	47.7	98.0
vB_BceS_LY4_28	MH460826_00066	47.7	98.0
vB_BceS_LY4_28	MH460825_00067	47.7	98.0
vB_BceS_LY4_28	MH454080_00064	47.6	96.6
vB_BceS_LY4_28	MH454076_00064	47.6	96.6
vB_BceS_LY4_28	MH431938_00063	47.6	96.6
vB_BceS_LY4_28	OM112210_00047	54.1	96.6
vB_BceS_LY4_28	MK533143_00038	46.1	98.0
vB_BceS_LY4_28	CP069348_00157	45.9	99.3
vB_BceS_LY4_28	MW430345_00062	51.5	87.9
vB_BceS_LY4_28	KX171213_00054	51.5	87.9
vB_BceS_LY4_28	KX171212_00055	51.5	87.9
vB_BceS_LY4_28	CP067347_00006	45.2	99.3
vB_BceS_LY4_28	MZ417344_00060	51.5	87.9
vB_BceS_LY4_29	EU874396_00021	97.8	97.8
vB_BceS_LY4_29	GU229986_00068	97.8	97.8
vB_BceS_LY4_29	KX227759_00072	97.8	97.8
vB_BceS_LY4_29	KX227758_00004	97.8	97.8
vB_BceS_LY4_30	GU229986_00067	100	98.5
vB_BceS_LY4_30	KX227759_00071	100	98.5
vB_BceS_LY4_30	KX227758_00003	100	98.5
vB_BceS_LY4_30	EU874396_00020	95.4	95.6
vB_BceS_LY4_31	GU229986_00066	100	98.7
vB_BceS_LY4_31	KX227759_00070	100	98.7
vB_BceS_LY4_31	KX227758_00002	100	98.7
vB_BceS_LY4_31	JQ619704_00048	50.0	98.7
vB_BceS_LY4_31	MH598512_00008	48.4	98.7
vB_BceS_LY4_31	MG784342_00009	44.4	94.9
vB_BceS_LY4_31	MT777452_00004	43.9	93.7
vB_BceS_LY4_31	KT725776_00017	38.3	98.7
vB_BceS_LY4_31	LC667450_00120	39.7	79.7
vB_BceS_LY4_31	LC592711_00120	39.7	79.7
vB_BceS_LY4_31	AP014693_00115	38.1	79.7
vB_BceS_LY4_31	MK721200_00022	45.1	64.6
vB_BceS_LY4_31	MW291023_00034	43.3	75.9
vB_BceS_LY4_31	MT114165_00035	43.3	75.9
vB_BceS_LY4_31	MK801726_00035	43.3	75.9
vB_BceS_LY4_31	MK359320_00035	43.3	75.9
vB_BceS_LY4_31	MH536820_00033	43.3	75.9
vB_BceS_LY4_31	MH399774_00035	43.3	75.9
vB_BceS_LY4_31	MG099953_00035	43.3	75.9
vB_BceS_LY4_31	KT222942_00034	43.3	75.9
vB_BceS_LY4_31	KR080204_00035	43.3	75.9
vB_BceS_LY4_31	KF493883_00034	43.3	75.9
vB_BceS_LY4_31	KF024732_00034	43.3	75.9
vB_BceS_LY4_31	JF937106_00034	43.3	75.9
vB_BceS_LY4_31	JF937096_00036	43.3	75.9
vB_BceS_LY4_32	GU229986_00065	100	98.5
vB_BceS_LY4_32	KX227759_00069	100	98.5
vB_BceS_LY4_32	KX227758_00001	100	98.5
vB_BceS_LY4_32	EU874396_00018	93.8	98.5
vB_BceS_LY4_32	KX227760_00047	59.4	98.5
vB_BceS_LY4_32	KX227757_00046	59.4	98.5
vB_BceS_LY4_32	KT725776_00016	59.4	98.5
vB_BceS_LY4_32	KT372714_00038	55.7	93.8
vB_BceS_LY4_32	MN065183_00021	35.7	86.2
vB_BceS_LY4_33	EU874396_00017	100	97.9
vB_BceS_LY4_33	GU229986_00064	100	97.9
vB_BceS_LY4_33	KX227759_00068	100	97.9
vB_BceS_LY4_33	KX227760_00046	77.8	95.7
vB_BceS_LY4_33	KX227757_00045	77.8	95.7
vB_BceS_LY4_33	KT725776_00015	77.8	95.7
vB_BceS_LY4_34	GU229986_00063	100	99.3
vB_BceS_LY4_34	KX227759_00067	100	99.3
vB_BceS_LY4_34	KX227758_00076	100	99.3
vB_BceS_LY4_34	OP341628_00033	38.9	66.2
vB_BceS_LY4_34	OP341626_00036	37.9	66.2
vB_BceS_LY4_34	OP341624_00035	38.9	66.2
vB_BceS_LY4_34	EU874396_00016	57.6	95.0
vB_BceS_LY4_34	OK500002_00018	36.0	63.3
vB_BceS_LY4_34	GU229986_00062	43.2	65.5
vB_BceS_LY4_34	KX227759_00066	43.2	65.5
vB_BceS_LY4_34	KX227758_00075	43.2	65.5
vB_BceS_LY4_34	EU874396_00015	42.1	65.5
vB_BceS_LY4_34	MG584725_00003	32.6	63.3
vB_BceS_LY4_34	KT626446_00052	39.3	58.3
vB_BceS_LY4_34	OP341630_00036	34.4	66.2
vB_BceS_LY4_34	KT970645_00043	34.9	61.9
vB_BceS_LY4_34	KT852578_00044	38.9	64.7
vB_BceS_LY4_34	OP503988_00067	39.0	59.0
vB_BceS_LY4_34	OP503987_00067	39.0	59.0
vB_BceS_LY4_34	OP503986_00067	39.0	59.0
vB_BceS_LY4_34	OP503985_00067	39.0	59.0
vB_BceS_LY4_34	OP503984_00065	39.0	59.0
vB_BceS_LY4_34	OP503983_00067	39.0	59.0
vB_BceS_LY4_34	OP503982_00068	39.0	59.0
vB_BceS_LY4_34	OP503981_00067	39.0	59.0
vB_BceS_LY4_35	GU229986_00062	100	99.2
vB_BceS_LY4_35	KX227759_00066	100	99.2
vB_BceS_LY4_35	KX227758_00075	100	99.2
vB_BceS_LY4_35	EU874396_00015	96.7	96.8
vB_BceS_LY4_35	EU874396_00016	47.6	64.5
vB_BceS_LY4_35	EU874396_00014	58.5	41.9
vB_BceS_LY4_35	GU229986_00061	58.5	41.9
vB_BceS_LY4_35	KX227759_00065	58.5	41.9
vB_BceS_LY4_35	KX227758_00074	58.5	41.9
vB_BceS_LY4_35	GU229986_00063	43.2	71.8
vB_BceS_LY4_35	KX227759_00067	43.2	71.8
vB_BceS_LY4_35	KX227758_00076	43.2	71.8
vB_BceS_LY4_35	KX190833_00031	41.2	66.1
vB_BceS_LY4_35	MK759918_00047	39.8	66.9
vB_BceS_LY4_35	MG784342_00011	38.5	75.8
vB_BceS_LY4_35	MH598512_00010	37.5	75.8
vB_BceS_LY4_35	KF296717_00019	35.7	66.9
vB_BceS_LY4_35	JX887877_00020	35.7	66.9
vB_BceS_LY4_35	JQ619704_00046	36.0	70.2
vB_BceS_LY4_35	KT626446_00052	33.3	74.2
vB_BceS_LY4_35	KT852578_00044	32.1	73.4
vB_BceS_LY4_35	OP066531_00041	31.7	66.9
vB_BceS_LY4_35	MT136606_00039	33.7	64.5
vB_BceS_LY4_35	MH454081_00062	34.3	74.2
vB_BceS_LY4_35	MH431930_00062	34.3	74.2
vB_BceS_LY4_36	GU229986_00061	100	99.4
vB_BceS_LY4_36	KX227759_00065	100	99.4
vB_BceS_LY4_36	KX227758_00074	100	99.4
vB_BceS_LY4_36	EU874396_00014	99.3	99.4
vB_BceS_LY4_36	GU229986_00062	58.5	34.4
vB_BceS_LY4_36	KX227759_00066	58.5	34.4
vB_BceS_LY4_36	KX227758_00075	58.5	34.4
vB_BceS_LY4_36	EU874396_00015	58.5	34.4
vB_BceS_LY4_36	MT136606_00039	29.4	87.7
vB_BceS_LY4_36	GU229986_00063	52.3	28.6
vB_BceS_LY4_36	KX227759_00067	52.3	28.6
vB_BceS_LY4_36	KX227758_00076	52.3	28.6
vB_BceS_LY4_36	KT626446_00052	29.7	87.0
vB_BceS_LY4_36	KX190833_00031	28.9	87.0
vB_BceS_LY4_36	MK759918_00047	27.2	97.4
vB_BceS_LY4_36	MK843319_00049	26.8	90.3
vB_BceS_LY4_36	KJ920400_00019	26.8	90.3
vB_BceS_LY4_36	KT970646_00049	26.8	90.3
vB_BceS_LY4_36	KT970645_00043	27.9	87.7
vB_BceS_LY4_36	KT970645_00037	50.0	27.3
vB_BceS_LY4_36	KT852578_00044	28.9	87.0
vB_BceS_LY4_36	KX190834_00017	27.3	94.2
vB_BceS_LY4_36	EU887664_00039	27.3	94.2
vB_BceS_LY4_36	KF296717_00019	25.2	92.9
vB_BceS_LY4_36	JX887877_00020	25.2	92.9
vB_BceS_LY4_37	EU874396_00013	100	99.3
vB_BceS_LY4_37	GU229986_00060	100	99.3
vB_BceS_LY4_37	KX227759_00064	100	99.3
vB_BceS_LY4_37	KX227758_00073	100	99.3
vB_BceS_LY4_37	KT970645_00043	36.6	90.1
vB_BceS_LY4_37	MH487649_00101	36.1	91.5
vB_BceS_LY4_37	KX987999_00044	36.1	91.5
vB_BceS_LY4_37	KT187252_00102	36.1	91.5
vB_BceS_LY4_37	JN797798_00083	36.1	91.5
vB_BceS_LY4_37	JN797797_00109	36.1	91.5
vB_BceS_LY4_37	MG584725_00003	43.0	60.6
vB_BceS_LY4_37	KF296717_00019	32.9	93.7
vB_BceS_LY4_37	JX887877_00020	32.9	93.7
vB_BceS_LY4_37	OK500002_00018	43.0	60.6
vB_BceS_LY4_37	MH454081_00062	36.7	93.7
vB_BceS_LY4_37	MH431930_00062	36.7	93.7
vB_BceS_LY4_37	KT852578_00042	32.7	93.0
vB_BceS_LY4_37	OP503988_00067	35.3	93.7
vB_BceS_LY4_37	OP503987_00067	35.3	93.7
vB_BceS_LY4_37	OP503986_00067	35.3	93.7
vB_BceS_LY4_37	OP503985_00067	35.3	93.7
vB_BceS_LY4_37	OP503984_00065	35.3	93.7
vB_BceS_LY4_37	OP503983_00067	35.3	93.7
vB_BceS_LY4_37	OP503982_00068	35.3	93.7
vB_BceS_LY4_37	OP503981_00067	35.3	93.7
vB_BceS_LY4_38	KX227759_00063	100	98.9
vB_BceS_LY4_38	KX227758_00072	100	98.9
vB_BceS_LY4_38	EU874396_00012	97.8	98.9
vB_BceS_LY4_38	GU229986_00059	83.9	98.9
vB_BceS_LY4_38	MG710484_00043	57.3	94.7
vB_BceS_LY4_38	KT967075_00043	57.3	94.7
vB_BceS_LY4_38	HE614282_00045	57.3	94.7
vB_BceS_LY4_38	HE614281_00045	57.3	94.7
vB_BceS_LY4_38	JN191664_00041	57.3	94.7
vB_BceS_LY4_38	KF296718_00041	55.1	94.7
vB_BceS_LY4_38	JQ062992_00017	55.1	94.7
vB_BceS_LY4_38	MG584725_00004	46.7	94.7
vB_BceS_LY4_38	OK500002_00017	45.6	94.7
vB_BceS_LY4_38	KT725776_00012	45.6	94.7
vB_BceS_LY4_38	KT372714_00036	46.7	94.7
vB_BceS_LY4_38	KX227760_00043	45.6	94.7
vB_BceS_LY4_38	KX227757_00042	45.6	94.7
vB_BceS_LY4_39	KX227759_00062	100	98.4
vB_BceS_LY4_39	KX227758_00071	100	98.4
vB_BceS_LY4_39	EU874396_00011	88.9	98.4
vB_BceS_LY4_39	GU229986_00058	88.9	98.4
vB_BceS_LY4_40	KX227759_00061	99.4	99.4
vB_BceS_LY4_40	KX227758_00070	99.4	99.4
vB_BceS_LY4_40	GU229986_00057	88.5	99.4
vB_BceS_LY4_40	EU874396_00010	87.9	99.4
vB_BceS_LY4_40	MK843319_00042	28.1	93.7
vB_BceS_LY4_40	KJ920400_00026	28.1	93.7
vB_BceS_LY4_40	KT970646_00042	28.1	93.7
vB_BceS_LY4_40	KJ024807_00046	26.8	93.7
vB_BceS_LY4_41	KX227759_00060	100	99.6
vB_BceS_LY4_41	KX227758_00069	100	99.6
vB_BceS_LY4_41	EU874396_00009	99.6	99.6
vB_BceS_LY4_41	GU229986_00056	99.6	99.6
vB_BceS_LY4_41	OK500002_00014	96.4	99.6
vB_BceS_LY4_41	MG584725_00007	96.4	99.6
vB_BceS_LY4_41	KX227760_00040	95.6	99.3
vB_BceS_LY4_41	KX227757_00039	95.6	99.3
vB_BceS_LY4_41	KT001911_00037	48.3	85.5
vB_BceS_LY4_41	KP411017_00035	49.0	85.5
vB_BceS_LY4_41	KM236248_00036	52.2	72.5
vB_BceS_LY4_41	MZ501271_00038	33.9	84.1
vB_BceS_LY4_41	KU160495_00004	33.1	85.5
vB_BceS_LY4_41	KY653116_00020	30.7	93.8
vB_BceS_LY4_41	KY653120_00019	35.4	71.0
vB_BceS_LY4_41	MT423824_00032	34.3	75.4
vB_BceS_LY4_41	MT423823_00034	34.3	75.4
vB_BceS_LY4_41	KX827371_00023	34.3	75.4
vB_BceS_LY4_41	MN065183_00016	32.8	78.6
vB_BceS_LY4_41	OP966821_00053	35.0	70.3
vB_BceS_LY4_41	MZ417353_00020	35.4	71.0
vB_BceS_LY4_41	MW364971_00048	34.8	71.0
vB_BceS_LY4_41	KJ094022_00002	38.8	61.2
vB_BceS_LY4_41	MW364972_00048	34.3	71.0
vB_BceS_LY4_41	KY653117_00022	33.8	71.0
vB_BceS_LY4_42	GU229986_00055	100	99.6
vB_BceS_LY4_42	KX227759_00059	100	99.6
vB_BceS_LY4_42	KX227758_00068	100	99.6
vB_BceS_LY4_42	EU874396_00008	92.7	99.6
vB_BceS_LY4_42	OK500002_00013	58.5	59.8
vB_BceS_LY4_42	MG584725_00008	77.8	40.2
vB_BceS_LY4_42	KX227760_00039	73.1	42.3
vB_BceS_LY4_42	KX227757_00038	73.1	42.3
vB_BceS_LY4_42	KT372714_00032	73.1	31.7
vB_BceS_LY4_42	OP341623_00039	45.7	39.8
vB_BceS_LY4_42	CP063417_00075	26.3	90.2
vB_BceS_LY4_42	OP341628_00040	46.2	31.3
vB_BceS_LY4_42	OP341626_00042	46.2	31.3
vB_BceS_LY4_42	OP341627_00039	44.9	31.3
vB_BceS_LY4_42	MK075005_00023	30.0	73.2
vB_BceS_LY4_42	KX965989_00019	43.9	32.5
vB_BceS_LY4_42	GU949551_00042	39.4	39.8
vB_BceS_LY4_42	KP411017_00034	41.1	38.2
vB_BceS_LY4_42	GU233956_00034	43.4	30.5
vB_BceS_LY4_42	KX905163_00057	40.2	37.0
vB_BceS_LY4_42	KM236247_00035	42.5	32.1
vB_BceS_LY4_42	DQ394810_00013	40.3	31.3
vB_BceS_LY4_42	DQ394809_00015	40.3	31.3
vB_BceS_LY4_42	DQ453159_00038	40.3	30.9
vB_BceS_LY4_42	AF242738_00013	39.8	33.7
vB_BceS_LY4_43	EU874396_00007	100	98.8
vB_BceS_LY4_43	GU229986_00054	100	98.8
vB_BceS_LY4_43	KX227759_00058	100	98.8
vB_BceS_LY4_43	KX227758_00067	100	98.8
vB_BceS_LY4_44	EU874396_00006	100	98.3
vB_BceS_LY4_44	GU229986_00053	100	98.3
vB_BceS_LY4_44	KX227759_00057	100	98.3
vB_BceS_LY4_44	KX227758_00066	100	98.3
vB_BceS_LY4_44	MF595878_00017	37.5	94.9
vB_BceS_LY4_44	MF893271_00032	38.5	86.4
vB_BceS_LY4_45	EU874396_00005	100	97.8
vB_BceS_LY4_45	GU229986_00052	100	97.8
vB_BceS_LY4_45	KX227759_00056	53.5	93.5
vB_BceS_LY4_45	KX227758_00065	53.5	93.5
vB_BceS_LY4_46	EU874396_00004	100	97.4
vB_BceS_LY4_46	GU229986_00051	100	97.4
vB_BceS_LY4_47	MG543995_00141	45.9	95.8
vB_BceS_LY4_47	OP172679_00023	41.1	93.9
vB_BceS_LY4_47	AY954958_00037	52.3	65.2
vB_BceS_LY4_47	KY389064_00006	43.5	94.7
vB_BceS_LY4_47	MF547663_00026	38.0	98.5
vB_BceS_LY4_47	MF547662_00026	38.0	98.5
vB_BceS_LY4_47	MH341451_00037	40.9	90.2
vB_BceS_LY4_47	DQ003642_00037	40.9	90.2
vB_BceS_LY4_47	KJ564036_00036	38.3	96.6
vB_BceS_LY4_47	MH837542_00009	38.1	93.9
vB_BceS_LY4_47	LK985322_00055	39.8	96.6
vB_BceS_LY4_47	MK448845_00006	38.3	95.5
vB_BceS_LY4_47	MK448890_00012	38.5	93.9
vB_BceS_LY4_47	MK448973_00006	37.9	95.5
vB_BceS_LY4_47	MK448778_00006	37.9	95.5
vB_BceS_LY4_47	KF188410_00041	38.3	96.6
vB_BceS_LY4_47	OP869849_00034	36.5	93.9
vB_BceS_LY4_47	OP172675_00043	36.1	93.9
vB_BceS_LY4_47	OP172676_00043	36.1	93.9
vB_BceS_LY4_47	MH837543_00051	39.2	84.8
vB_BceS_LY4_47	FJ008913_00033	37.9	89.8
vB_BceS_LY4_47	OP503990_00042	37.8	94.7
vB_BceS_LY4_47	OP503989_00042	37.8	94.7
vB_BceS_LY4_47	MW927519_00036	37.8	94.7
vB_BceS_LY4_47	MW927518_00040	37.8	94.7
vB_BceS_LY4_48	DQ340064_00046	50.0	70.3
vB_BceS_LY4_48	KT725776_00005	54.2	64.9
vB_BceS_LY4_48	OP869850_00036	43.9	77.0
vB_BceS_LY4_48	OP869854_00023	42.1	77.0
vB_BceS_LY4_48	KR905069_00034	42.1	77.0
vB_BceS_LY4_48	JF412300_00018	43.6	73.0
vB_BceS_LY4_48	KY653126_00008	33.8	85.1
vB_BceS_LY4_48	KC595517_00046	38.2	74.3
vB_BceS_LY4_48	KC595515_00053	38.2	74.3
vB_BceS_LY4_48	KC595514_00053	38.2	74.3
vB_BceS_LY4_48	OM334891_00030	43.5	83.8
vB_BceS_LY4_49	KT372714_00028	45.6	96.6
vB_BceS_LY4_49	KT725776_00004	46.9	95.8
vB_BceS_LY4_49	OK500002_00007	42.6	97.5
vB_BceS_LY4_49	MG584725_00012	41.9	99.2
vB_BceS_LY4_49	MF595878_00007	44.2	88.1
vB_BceS_LY4_49	MN065183_00008	41.8	77.1
vB_BceS_LY4_49	JQ062992_00007	37.1	82.2
vB_BceS_LY4_49	OK499979_00029	41.8	77.1
vB_BceS_LY4_49	KY963371_00032	41.8	77.1
vB_BceS_LY4_49	MK085976_00029	41.8	77.1
vB_BceS_LY4_49	MT745954_00031	40.7	77.1
vB_BceS_LY4_49	DQ289555_00029	40.7	77.1
vB_BceS_LY4_49	KY963370_00030	40.7	77.1
vB_BceS_LY4_49	DQ150593_00029	40.7	77.1
vB_BceS_LY4_49	OP869854_00024	47.6	53.4
vB_BceS_LY4_49	OP869850_00037	47.6	53.4
vB_BceS_LY4_49	MH341452_00032	35.3	97.5
vB_BceS_LY4_49	MT745955_00030	39.6	77.1
vB_BceS_LY4_49	MT745956_00031	39.6	77.1
vB_BceS_LY4_49	OK499999_00029	39.6	77.1
vB_BceS_LY4_49	KY963369_00032	39.6	77.1
vB_BceS_LY4_49	MG969427_00050	35.3	78.8
vB_BceS_LY4_49	KR905069_00033	46.0	53.4
vB_BceS_LY4_49	CP067347_00153	50.8	51.7
vB_BceS_LY4_49	KF296718_00032	32.5	99.2
vB_BceS_LY4_51	OK500002_00005	48.0	94.3
vB_BceS_LY4_52	MK843319_00032	40.8	99.2
vB_BceS_LY4_52	KJ920400_00036	40.8	99.2
vB_BceS_LY4_52	KT970646_00032	40.8	99.2
vB_BceS_LY4_52	KJ024807_00037	40.8	99.2
vB_BceS_LY4_52	OK500002_00004	34.2	99.7
vB_BceS_LY4_52	KT372714_00025	29.9	99.5
vB_BceS_LY4_52	KX227759_00048	31.8	93.4
vB_BceS_LY4_52	KX227758_00057	31.8	93.4
vB_BceS_LY4_52	MG584725_00015	29.1	98.0
vB_BceS_LY4_52	MK759918_00036	25.4	98.5
vB_BceS_LY4_52	EU874396_00077	26.6	99.0
vB_BceS_LY4_52	GU229986_00044	26.6	99.0
vB_BceS_LY4_52	KX190833_00015	26.8	98.2
vB_BceS_LY4_52	JQ062992_00004	25.4	97.5
vB_BceS_LY4_52	KY963371_00030	22.0	91.2
vB_BceS_LY4_53	OK500002_00003	91.2	99.1
vB_BceS_LY4_53	KX227759_00047	61.3	96.5
vB_BceS_LY4_53	KX227758_00056	61.3	96.5
vB_BceS_LY4_53	KJ024807_00036	40.2	67.8
vB_BceS_LY4_53	KP836355_00060	50.8	53.0
vB_BceS_LY4_53	OP172779_00041	42.2	62.6
vB_BceS_LY4_53	ON528935_00034	43.7	61.7
vB_BceS_LY4_53	AY855346_00050	34.6	93.0
vB_BceS_LY4_53	LK985322_00050	34.6	93.0
vB_BceS_LY4_53	JN638751_00063	39.7	59.1
vB_BceS_LY4_53	KM983332_00059	45.9	53.0
vB_BceS_LY4_53	KM983328_00064	45.9	53.0
vB_BceS_LY4_53	OM236514_00033	42.6	59.1
vB_BceS_LY4_53	HM072038_00032	42.6	59.1
vB_BceS_LY4_53	AB016282_00036	42.6	59.1
vB_BceS_LY4_53	LN681534_00038	37.8	85.2
vB_BceS_LY4_53	MN830259_00025	44.3	53.0
vB_BceS_LY4_53	KT372714_00028	28.0	88.7
vB_BceS_LY4_53	DQ340064_00045	44.3	53.0
vB_BceS_LY4_53	KP836356_00016	43.3	52.2
vB_BceS_LY4_53	KP836355_00077	43.3	52.2
vB_BceS_LY4_53	CP067347_00128	30.4	95.7
vB_BceS_LY4_53	MT210152_00042	38.5	56.5
vB_BceS_LY4_53	MZ361826_00058	30.2	94.8
vB_BceS_LY4_53	MZ361825_00041	30.2	94.8
vB_BceS_LY4_54	KT372714_00023	75.2	96.6
vB_BceS_LY4_54	ON548420_00279	69.7	64.1
vB_BceS_LY4_54	ON548421_00220	68.4	64.1
vB_BceS_LY4_54	AY375531_00083	48.6	59.8
vB_BceS_LY4_54	KY290958_00085	48.6	59.8
vB_BceS_LY4_54	KY290957_00086	48.6	59.8
vB_BceS_LY4_54	KY290948_00083	48.6	59.8
vB_BceS_LY4_54	KY290951_00083	48.6	59.8
vB_BceS_LY4_54	AY962392_00083	48.6	59.8
vB_BceS_LY4_54	MN871507_00061	54.2	50.4
vB_BceS_LY4_54	MK577502_00145	54.2	50.4
vB_BceS_LY4_54	KY290956_00085	47.1	59.8
vB_BceS_LY4_54	MK075003_00005	53.4	49.6
vB_BceS_LY4_54	ON042478_00149	52.5	50.4
vB_BceS_LY4_54	DQ529280_00077	47.5	50.4
vB_BceS_LY4_54	MH179477_00094	47.5	50.4
vB_BceS_LY4_54	LR596903_00034	52.0	42.7
vB_BceS_LY4_54	OL840900_00185	45.8	50.4
vB_BceS_LY4_54	MH179476_00044	45.8	50.4
vB_BceS_LY4_54	MF479730_00185	45.8	50.4
vB_BceS_LY4_54	JX306041_00088	45.8	50.4
vB_BceS_LY4_54	HM452125_00197	45.8	50.4
vB_BceS_LY4_54	LR596902_00068	52.9	43.6
vB_BceS_LY4_54	MH884512_00038	42.1	48.7
vB_BceS_LY4_54	MW423738_00009	41.7	50.4
vB_BceS_LY4_55	MK843319_00031	43.8	51.1
vB_BceS_LY4_55	KJ920400_00037	43.8	51.1
vB_BceS_LY4_55	KT970646_00031	43.8	51.1
vB_BceS_LY4_56	MH422554_00111	47.6	82.2
vB_BceS_LY4_56	MH445380_00089	47.6	82.2
vB_BceS_LY4_56	AB571791_00010	48.4	82.2
vB_BceS_LY4_56	KU760857_00057	51.6	82.2
vB_BceS_LY4_56	MH445380_00123	51.6	82.2
vB_BceS_LY4_56	AF503408_00005	37.3	82.2
vB_BceS_LY4_56	KJ024807_00067	38.5	79.6
vB_BceS_LY4_57	EU874396_00073	98.9	99.8
vB_BceS_LY4_57	GU229986_00040	98.5	99.8
vB_BceS_LY4_57	KX227759_00043	99.8	94.0
vB_BceS_LY4_57	KX227758_00052	99.8	94.0
vB_BceS_LY4_57	MK504446_00159	30.4	91.2
vB_BceS_LY4_57	MK504443_00165	30.6	91.2
vB_BceS_LY4_57	OM293948_00041	28.4	91.2
vB_BceS_LY4_58	EU874396_00072	99.4	99.7
vB_BceS_LY4_58	GU229986_00039	99.4	99.7
vB_BceS_LY4_58	KX227759_00042	99.4	99.7
vB_BceS_LY4_58	KX227758_00051	99.4	99.7
vB_BceS_LY4_58	MK843319_00027	98.0	99.7
vB_BceS_LY4_58	KJ920400_00041	98.0	99.7
vB_BceS_LY4_58	KT970646_00027	98.0	99.7
vB_BceS_LY4_58	KJ024807_00029	96.8	99.7
vB_BceS_LY4_58	FJ230960_00126	27.0	73.0
vB_BceS_LY4_58	MZ751040_00132	27.0	73.0
vB_BceS_LY4_58	MT601271_00132	27.0	73.0
vB_BceS_LY4_58	OM236513_00146	27.0	73.0
vB_BceS_LY4_58	MT601270_00132	26.6	73.0
vB_BceS_LY4_58	KY368639_00127	27.0	73.0
vB_BceS_LY4_58	KF669649_00129	27.0	73.0
vB_BceS_LY4_58	MW001214_00138	27.0	73.0
vB_BceS_LY4_58	KF554508_00077	27.2	61.9
vB_BceS_LY4_58	KC595513_00143	23.6	94.8
vB_BceS_LY4_58	KC595512_00139	23.6	94.8
vB_BceS_LY4_58	MK533143_00024	25.7	71.2
vB_BceS_LY4_59	EU874396_00071	99.1	99.1
vB_BceS_LY4_59	GU229986_00038	99.1	99.1
vB_BceS_LY4_59	KX227759_00041	99.1	99.1
vB_BceS_LY4_59	KX227758_00050	99.1	99.1
vB_BceS_LY4_59	KJ024807_00028	92.5	97.2
vB_BceS_LY4_59	MK843319_00026	95.1	93.6
vB_BceS_LY4_59	KJ920400_00042	95.1	93.6
vB_BceS_LY4_59	KT970646_00026	95.1	93.6
vB_BceS_LY4_60	KX227759_00040	99.2	99.2
vB_BceS_LY4_60	KX227758_00049	99.2	99.2
vB_BceS_LY4_60	MK843319_00025	88.9	94.7
vB_BceS_LY4_60	KJ920400_00043	88.9	94.7
vB_BceS_LY4_60	KT970646_00025	88.9	94.7
vB_BceS_LY4_60	EU874396_00070	83.3	99.2
vB_BceS_LY4_60	GU229986_00037	83.3	99.2
vB_BceS_LY4_60	KJ024807_00027	83.3	94.7
vB_BceS_LY4_61	KX227759_00039	100	99.4
vB_BceS_LY4_61	KX227758_00048	100	99.4
vB_BceS_LY4_61	EU874396_00067	96.0	99.4
vB_BceS_LY4_61	GU229986_00034	96.0	99.4
vB_BceS_LY4_61	MK843319_00024	93.8	99.4
vB_BceS_LY4_61	KJ920400_00044	93.8	99.4
vB_BceS_LY4_61	KT970646_00024	93.8	99.4
vB_BceS_LY4_61	KJ024807_00026	90.3	99.4
vB_BceS_LY4_62	KX227759_00038	98.6	98.7
vB_BceS_LY4_62	KX227758_00047	98.6	98.7
vB_BceS_LY4_62	KC595516_00036	46.4	92.0
vB_BceS_LY4_62	OP341629_00020	34.8	88.0
vB_BceS_LY4_62	DQ840344_00035	31.3	89.3
vB_BceS_LY4_62	MG710484_00021	29.9	89.3
vB_BceS_LY4_62	KT967075_00021	29.9	89.3
vB_BceS_LY4_62	HE614282_00025	29.9	89.3
vB_BceS_LY4_62	HE614281_00025	29.9	89.3
vB_BceS_LY4_62	JN191664_00021	29.9	89.3
vB_BceS_LY4_63	GU233956_00020	94.4	99.6
vB_BceS_LY4_63	MZ384014_00028	74.5	98.9
vB_BceS_LY4_63	MT777452_00038	74.6	99.3
vB_BceS_LY4_63	KY947509_00037	74.6	99.3
vB_BceS_LY4_63	MW348917_00034	74.6	99.3
vB_BceS_LY4_63	MF156577_00029	74.6	99.3
vB_BceS_LY4_63	KX349900_00035	74.6	99.3
vB_BceS_LY4_63	KX961631_00034	74.6	99.3
vB_BceS_LY4_63	MN082624_00036	74.6	99.3
vB_BceS_LY4_63	MF156578_00036	74.6	99.3
vB_BceS_LY4_63	MK310228_00008	73.9	99.3
vB_BceS_LY4_63	MH817022_00033	73.9	99.3
vB_BceS_LY4_63	KX349899_00033	73.9	99.3
vB_BceS_LY4_63	KX349901_00029	73.5	99.3
vB_BceS_LY4_63	OL744112_00029	73.1	99.3
vB_BceS_LY4_63	MK084630_00030	73.1	99.3
vB_BceS_LY4_63	MF156580_00030	73.1	99.3
vB_BceS_LY4_63	MK284526_00039	72.8	99.3
vB_BceS_LY4_63	KX190832_00029	72.1	99.6
vB_BceS_LY4_63	MK284527_00037	71.5	98.9
vB_BceS_LY4_63	MK284528_00039	71.5	98.9
vB_BceS_LY4_63	MW012634_00037	70.5	99.3
vB_BceS_LY4_63	MG710484_00019	71.7	99.6
vB_BceS_LY4_63	KT967075_00019	71.7	99.6
vB_BceS_LY4_63	HE614282_00023	71.7	99.6
vB_BceS_LY4_64	MK759918_00023	79.1	94.4
vB_BceS_LY4_64	OM112209_00005	48.4	87.3
vB_BceS_LY4_64	LC597490_00064	39.2	94.4
vB_BceS_LY4_65	MG710484_00017	81.5	97.9
vB_BceS_LY4_65	KT967075_00017	81.5	97.9
vB_BceS_LY4_65	HE614282_00021	81.5	97.9
vB_BceS_LY4_65	HE614281_00021	81.5	97.9
vB_BceS_LY4_65	JN191664_00017	81.5	97.9
vB_BceS_LY4_65	GU233956_00018	68.8	98.9
vB_BceS_LY4_65	MZ092003_00046	44.4	91.5
vB_BceS_LY4_65	MW478292_00028	36.0	91.5
vB_BceS_LY4_65	MW478290_00019	36.0	91.5
vB_BceS_LY4_65	MF176161_00031	33.7	97.9
vB_BceS_LY4_65	OK247671_00026	32.3	94.7
vB_BceS_LY4_65	MW512571_00025	29.1	91.5
vB_BceS_LY4_65	LN681541_00034	29.1	91.5
vB_BceS_LY4_65	MW512572_00016	26.7	91.5
vB_BceS_LY4_66	KX227759_00034	84.4	93.8
vB_BceS_LY4_66	KX227758_00043	84.4	93.8
vB_BceS_LY4_66	GU568037_00027	70.5	91.7
vB_BceS_LY4_66	KX965989_00071	65.9	91.7
vB_BceS_LY4_66	JQ619704_00024	34.1	91.7
vB_BceS_LY4_67	EU874396_00062	76.1	99.5
vB_BceS_LY4_67	GU229986_00029	76.1	99.5
vB_BceS_LY4_67	KX227758_00042	73.9	99.5
vB_BceS_LY4_67	KX227759_00033	73.3	97.3
vB_BceS_LY4_67	JQ619704_00023	61.9	97.8
vB_BceS_LY4_67	MG784342_00036	43.8	78.9
vB_BceS_LY4_67	MH598512_00037	43.8	78.9
vB_BceS_LY4_68	EU874396_00061	49.2	99.8
vB_BceS_LY4_68	GU229986_00028	49.2	99.8
vB_BceS_LY4_68	KX227759_00031	41.6	93.7
vB_BceS_LY4_68	JQ619704_00022	36.8	99.4
vB_BceS_LY4_68	MH598512_00038	33.8	99.0
vB_BceS_LY4_68	KX227758_00041	38.2	93.7
vB_BceS_LY4_68	MG784342_00037	32.0	99.0
vB_BceS_LY4_68	MH458951_00045	32.6	51.5
vB_BceS_LY4_68	MG983742_00011	35.4	40.4
vB_BceS_LY4_68	KP696447_00041	36.4	28.1
vB_BceS_LY4_68	KF669663_00042	36.8	27.3
vB_BceS_LY4_68	KP696448_00041	40.4	22.8
vB_BceS_LY4_68	KF669661_00043	34.7	29.5
vB_BceS_LY4_68	MT700412_00025	27.3	28.1
vB_BceS_LY4_68	KX190835_00038	26.5	46.3
vB_BceS_LY4_68	KX190832_00026	23.7	41.2
vB_BceS_LY4_68	KT372714_00015	25.6	47.1
vB_BceS_LY4_68	OM654379_00020	28.1	27.3
vB_BceS_LY4_68	LN681537_00038	25.2	24.8
vB_BceS_LY4_68	CP011970_00029	25.2	24.8
vB_BceS_LY4_68	ON528935_00019	28.0	25.3
vB_BceS_LY4_68	CP067347_00169	25.2	24.8
vB_BceS_LY4_68	CP067352_00130	26.0	24.8
vB_BceS_LY4_68	ON210835_00021	23.6	28.3
vB_BceS_LY4_68	ON210834_00021	23.6	28.3
vB_BceS_LY4_69	EU874396_00060	96.3	99.9
vB_BceS_LY4_69	GU229986_00027	96.3	99.9
vB_BceS_LY4_69	KX227759_00030	96.1	99.9
vB_BceS_LY4_69	KX227758_00040	96.1	99.9
vB_BceS_LY4_69	GU233956_00015	49.0	99.4
vB_BceS_LY4_69	MW302330_00066	40.8	99.9
vB_BceS_LY4_69	KT725776_00051	40.8	99.9
vB_BceS_LY4_69	KX227760_00021	40.8	99.9
vB_BceS_LY4_69	KX227757_00021	40.8	99.9
vB_BceS_LY4_69	JQ062992_00050	40.1	99.8
vB_BceS_LY4_69	MG710484_00015	40.1	99.8
vB_BceS_LY4_69	KT967075_00015	40.1	99.8
vB_BceS_LY4_69	JN191664_00015	40.1	99.8
vB_BceS_LY4_69	HE614282_00019	34.3	99.8
vB_BceS_LY4_69	HE614281_00019	34.3	99.8
vB_BceS_LY4_69	KJ024807_00019	34.5	99.8
vB_BceS_LY4_69	MK843319_00017	34.1	99.8
vB_BceS_LY4_69	KT970646_00017	34.1	99.8
vB_BceS_LY4_69	KF296718_00020	33.9	93.9
vB_BceS_LY4_69	KY963370_00014	31.5	99.9
vB_BceS_LY4_69	DQ150593_00014	32.0	99.9
vB_BceS_LY4_69	DQ222855_00014	32.0	99.9
vB_BceS_LY4_69	DQ222853_00014	32.0	99.9
vB_BceS_LY4_69	OK499979_00014	31.2	99.9
vB_BceS_LY4_69	DQ222851_00014	31.9	99.9
vB_BceS_LY4_70	KX227759_00029	95.9	99.8
vB_BceS_LY4_70	KX227758_00039	95.9	99.8
vB_BceS_LY4_70	EU874396_00059	96.1	99.8
vB_BceS_LY4_70	GU229986_00026	96.1	99.8
vB_BceS_LY4_70	GU233956_00014	52.6	99.0
vB_BceS_LY4_70	MF176161_00026	47.6	96.8
vB_BceS_LY4_70	DQ289556_00013	48.3	99.0
vB_BceS_LY4_70	KY963370_00013	47.8	99.0
vB_BceS_LY4_70	MT745956_00014	47.9	99.0
vB_BceS_LY4_70	KY963369_00014	47.9	99.0
vB_BceS_LY4_70	MT745955_00013	47.6	99.0
vB_BceS_LY4_70	DQ289555_00013	48.1	99.0
vB_BceS_LY4_70	DQ222855_00013	48.1	99.0
vB_BceS_LY4_70	DQ222853_00013	48.1	99.0
vB_BceS_LY4_70	DQ222851_00013	48.1	99.0
vB_BceS_LY4_70	DQ150593_00013	48.1	99.0
vB_BceS_LY4_70	MT745954_00013	47.7	99.0
vB_BceS_LY4_70	OK499999_00013	47.9	99.0
vB_BceS_LY4_70	KX190833_00069	47.4	99.0
vB_BceS_LY4_70	OK499979_00013	47.7	99.0
vB_BceS_LY4_70	MK085976_00013	47.5	99.0
vB_BceS_LY4_70	KY963371_00014	47.1	96.3
vB_BceS_LY4_70	MW302330_00067	46.1	99.0
vB_BceS_LY4_70	KX227760_00020	45.9	99.0
vB_BceS_LY4_70	KX227757_00020	45.9	99.0
vB_BceS_LY4_71	KX227759_00028	74.1	99.9
vB_BceS_LY4_71	KX227758_00038	74.1	99.9
vB_BceS_LY4_71	MF176161_00025	65.1	99.9
vB_BceS_LY4_71	EU874396_00058	66.2	99.9
vB_BceS_LY4_71	GU229986_00025	65.5	99.9
vB_BceS_LY4_71	KT001912_00018	42.0	24.0
vB_BceS_LY4_71	MF893271_00015	34.0	28.5
vB_BceS_LY4_71	KJ159566_00013	38.5	20.0
vB_BceS_LY4_71	JQ619704_00017	28.7	25.6
vB_BceS_LY4_71	MH598512_00043	27.1	32.1
vB_BceS_LY4_71	MG784342_00042	27.1	32.1
vB_BceS_LY4_71	KX965989_00061	24.6	28.3
vB_BceS_LY4_71	KX190832_00023	33.6	8.8
vB_BceS_LY4_71	GU233956_00013	33.9	9.0
vB_BceS_LY4_71	MN234235_00025	31.5	9.5
vB_BceS_LY4_71	MN234200_00026	31.5	9.5
vB_BceS_LY4_71	MF919500_00026	30.4	8.8
vB_BceS_LY4_71	MT498066_00024	29.8	8.7
vB_BceS_LY4_71	MT498060_00024	29.8	8.7
vB_BceS_LY4_71	MN234203_00026	29.8	8.7
vB_BceS_LY4_71	MH697591_00024	29.8	8.7
vB_BceS_LY4_71	MH338234_00024	29.8	8.7
vB_BceS_LY4_71	KM591906_00024	29.8	8.7
vB_BceS_LY4_71	MF919531_00024	29.8	8.7
vB_BceS_LY4_71	KM463009_00025	29.8	8.7
vB_BceS_LY4_72	EU874396_00057	100	99.6
vB_BceS_LY4_72	GU229986_00024	99.1	99.6
vB_BceS_LY4_72	KX227759_00027	73.0	99.6
vB_BceS_LY4_72	KX227758_00037	73.0	99.6
vB_BceS_LY4_72	MF176161_00024	49.8	97.8
vB_BceS_LY4_72	JQ619704_00016	47.3	93.7
vB_BceS_LY4_72	MG784342_00043	42.1	97.8
vB_BceS_LY4_72	MH598512_00044	42.1	97.8
vB_BceS_LY4_72	KP399678_00015	31.7	86.1
vB_BceS_LY4_72	DQ003637_00015	31.7	86.1
vB_BceS_LY4_72	MZ361827_00028	31.9	86.1
vB_BceS_LY4_72	MZ361826_00014	31.9	86.1
vB_BceS_LY4_72	MZ361825_00015	31.9	86.1
vB_BceS_LY4_72	KJ094022_00038	31.9	86.1
vB_BceS_LY4_72	AJ242593_00015	31.4	86.1
vB_BceS_LY4_72	ON456151_00011	31.4	86.1
vB_BceS_LY4_72	MH341452_00015	32.2	86.1
vB_BceS_LY4_72	MH884512_00029	33.3	85.2
vB_BceS_LY4_72	OP455937_00041	34.0	90.1
vB_BceS_LY4_72	MK448982_00046	31.8	86.5
vB_BceS_LY4_72	MK448714_00043	29.6	87.0
vB_BceS_LY4_72	MK448878_00048	29.6	87.0
vB_BceS_LY4_72	MK449009_00052	28.7	86.5
vB_BceS_LY4_72	MK448834_00050	28.7	86.5
vB_BceS_LY4_72	MW495853_00041	28.7	86.5
vB_BceS_LY4_73	EU874396_00056	100	99.3
vB_BceS_LY4_73	GU229986_00023	94.0	99.3
vB_BceS_LY4_73	KX227759_00026	63.4	99.3
vB_BceS_LY4_73	KX227758_00036	63.4	99.3
vB_BceS_LY4_73	MH598512_00045	39.3	99.3
vB_BceS_LY4_73	MG784342_00044	39.3	99.3
vB_BceS_LY4_73	MF176161_00023	26.6	94.8
vB_BceS_LY4_73	MH884512_00028	27.0	83.0
vB_BceS_LY4_74	KX227759_00025	97.9	99.3
vB_BceS_LY4_74	KX227758_00035	97.9	99.3
vB_BceS_LY4_74	EU874396_00055	97.2	99.3
vB_BceS_LY4_74	GU229986_00022	97.2	99.3
vB_BceS_LY4_74	MH598512_00046	58.3	96.5
vB_BceS_LY4_74	MG784342_00045	58.3	96.5
vB_BceS_LY4_74	JQ619704_00014	55.3	98.6
vB_BceS_LY4_74	MF176161_00022	58.3	96.5
vB_BceS_LY4_74	MH884512_00027	33.6	95.8
vB_BceS_LY4_74	X98106_00027	33.8	97.2
vB_BceS_LY4_74	MF041990_00047	33.6	91.6
vB_BceS_LY4_74	LT996081_00042	35.7	87.4
vB_BceS_LY4_74	LT996074_00004	35.7	87.4
vB_BceS_LY4_74	LT993225_00004	35.7	87.4
vB_BceS_LY4_74	LT985576_00049	35.7	87.4
vB_BceS_LY4_74	LT985575_00002	35.7	87.4
vB_BceS_LY4_74	KX456213_00042	35.7	87.4
vB_BceS_LY4_74	KX456210_00040	35.7	87.4
vB_BceS_LY4_74	KX456209_00042	35.7	87.4
vB_BceS_LY4_74	KX456208_00041	35.7	87.4
vB_BceS_LY4_74	KX456206_00040	35.7	87.4
vB_BceS_LY4_74	DQ394810_00040	35.7	87.4
vB_BceS_LY4_74	DQ394809_00042	35.7	87.4
vB_BceS_LY4_74	DQ394808_00043	35.7	87.4
vB_BceS_LY4_74	DQ394807_00043	35.7	87.4
vB_BceS_LY4_75	GU229986_00021	88.6	99.3
vB_BceS_LY4_75	EU874396_00054	85.7	99.3
vB_BceS_LY4_75	KX227759_00024	65.0	99.3
vB_BceS_LY4_75	KX227758_00034	65.0	99.3
vB_BceS_LY4_75	JQ619704_00013	30.9	96.5
vB_BceS_LY4_75	MG784342_00046	33.8	96.5
vB_BceS_LY4_75	MH598512_00047	33.1	96.5
vB_BceS_LY4_76	EU874396_00053	94.0	99.1
vB_BceS_LY4_76	GU229986_00019	89.7	99.1
vB_BceS_LY4_76	KX227759_00023	63.8	99.1
vB_BceS_LY4_76	KX227758_00033	63.8	99.1
vB_BceS_LY4_76	JQ619704_00012	48.7	99.1
vB_BceS_LY4_76	MF176161_00020	46.6	99.1
vB_BceS_LY4_76	MH598512_00048	45.3	99.1
vB_BceS_LY4_76	MG784342_00047	45.3	99.1
vB_BceS_LY4_76	MH884512_00025	48.1	92.3
vB_BceS_LY4_76	KC237729_00013	37.4	93.2
vB_BceS_LY4_76	MW478289_00011	36.5	93.2
vB_BceS_LY4_76	KP399678_00010	30.1	96.6
vB_BceS_LY4_76	ON456151_00006	29.2	96.6
vB_BceS_LY4_76	MH341452_00010	30.1	96.6
vB_BceS_LY4_76	KJ094022_00033	29.2	96.6
vB_BceS_LY4_76	AJ242593_00010	29.2	96.6
vB_BceS_LY4_76	MZ361827_00033	29.2	96.6
vB_BceS_LY4_76	MZ361826_00009	29.2	96.6
vB_BceS_LY4_76	MZ361825_00010	29.2	96.6
vB_BceS_LY4_76	DQ003637_00010	29.2	96.6
vB_BceS_LY4_76	MK448878_00044	32.1	93.2
vB_BceS_LY4_76	MK448875_00037	31.3	95.7
vB_BceS_LY4_76	MK448874_00042	31.3	95.7
vB_BceS_LY4_76	MK448898_00039	31.3	95.7
vB_BceS_LY4_76	FM163528_00042	27.7	95.7
vB_BceS_LY4_77	EU874396_00052	97.5	99.2
vB_BceS_LY4_77	GU229986_00018	97.5	99.2
vB_BceS_LY4_77	KX227759_00022	80.5	99.2
vB_BceS_LY4_77	KX227758_00032	80.5	99.2
vB_BceS_LY4_77	JQ619704_00011	42.9	94.1
vB_BceS_LY4_77	MH598512_00049	43.2	93.3
vB_BceS_LY4_77	MG784342_00048	43.2	93.3
vB_BceS_LY4_77	MF176161_00019	32.1	94.1
vB_BceS_LY4_77	MH341452_00009	34.5	95.0
vB_BceS_LY4_77	AJ242593_00009	33.6	95.0
vB_BceS_LY4_77	MZ361827_00034	34.5	95.0
vB_BceS_LY4_77	MZ361826_00008	34.5	95.0
vB_BceS_LY4_77	MZ361825_00009	34.5	95.0
vB_BceS_LY4_77	ON456151_00005	33.6	95.0
vB_BceS_LY4_77	KP399678_00009	33.6	95.0
vB_BceS_LY4_77	KJ094022_00032	33.6	95.0
vB_BceS_LY4_77	DQ003637_00009	31.9	95.0
vB_BceS_LY4_77	MK448982_00041	32.0	81.5
vB_BceS_LY4_78	GU229986_00017	97.0	99.3
vB_BceS_LY4_78	KX227759_00021	68.4	99.3
vB_BceS_LY4_78	KX227758_00031	68.4	99.3
vB_BceS_LY4_78	EU874396_00051	68.4	99.3
vB_BceS_LY4_78	MG784342_00049	41.0	98.5
vB_BceS_LY4_78	MH598512_00050	39.8	98.5
vB_BceS_LY4_78	JQ619704_00010	38.3	98.5
vB_BceS_LY4_78	MH884512_00023	33.3	94.0
vB_BceS_LY4_78	MW478289_00009	38.7	56.0
vB_BceS_LY4_78	KC237729_00011	37.3	56.0
vB_BceS_LY4_78	DQ003637_00008	27.6	99.3
vB_BceS_LY4_78	MH341452_00008	27.6	99.3
vB_BceS_LY4_78	ON456151_00004	27.6	99.3
vB_BceS_LY4_78	KJ094022_00031	27.6	99.3
vB_BceS_LY4_78	MZ361827_00035	26.9	99.3
vB_BceS_LY4_78	MZ361826_00007	26.9	99.3
vB_BceS_LY4_78	MZ361825_00008	26.9	99.3
vB_BceS_LY4_78	KP399678_00008	26.1	99.3
vB_BceS_LY4_78	AJ242593_00008	26.9	99.3
vB_BceS_LY4_78	MK448737_00042	32.6	65.7
vB_BceS_LY4_79	GU229986_00016	96.2	98.8
vB_BceS_LY4_79	EU874396_00050	74.7	98.8
vB_BceS_LY4_79	KX227759_00020	68.8	80.0
vB_BceS_LY4_79	KX227758_00030	68.8	80.0
vB_BceS_LY4_79	MH884512_00022	38.8	83.8
vB_BceS_LY4_79	MK448902_00048	42.0	58.8
vB_BceS_LY4_79	DQ466086_00008	32.1	92.5
vB_BceS_LY4_79	LN681542_00008	32.1	92.5
vB_BceS_LY4_79	LN681541_00008	32.1	92.5
vB_BceS_LY4_79	HG531805_00009	33.3	92.5
vB_BceS_LY4_80	GU229986_00015	89.6	99.7
vB_BceS_LY4_80	EU874396_00049	84.6	99.7
vB_BceS_LY4_80	KX227759_00019	69.7	99.3
vB_BceS_LY4_80	KX227758_00029	69.7	99.3
vB_BceS_LY4_80	MH884512_00020	63.6	99.3
vB_BceS_LY4_80	DQ466086_00007	48.7	99.7
vB_BceS_LY4_80	LN681542_00007	48.7	99.7
vB_BceS_LY4_80	LN681541_00007	48.3	99.7
vB_BceS_LY4_80	HG531805_00008	48.3	99.7
vB_BceS_LY4_80	MK448737_00040	45.4	99.3
vB_BceS_LY4_80	OL774875_00031	46.2	98.3
vB_BceS_LY4_80	KC237729_00009	45.2	98.3
vB_BceS_LY4_80	MK448902_00047	46.2	98.3
vB_BceS_LY4_80	MW478289_00007	45.0	99.3
vB_BceS_LY4_80	DQ320509_00038	43.4	98.3
vB_BceS_LY4_80	HE956704_00009	42.7	98.7
vB_BceS_LY4_80	KF767351_00038	35.2	98.3
vB_BceS_LY4_80	AF195902_00045	35.8	95.0
vB_BceS_LY4_80	MZ503613_00027	37.2	91.6
vB_BceS_LY4_80	MK448862_00038	32.1	99.0
vB_BceS_LY4_80	OL774873_00035	30.9	99.0
vB_BceS_LY4_80	FM163528_00037	30.9	99.0
vB_BceS_LY4_80	MK448714_00034	31.9	99.0
vB_BceS_LY4_80	MK449006_00039	30.5	99.0
vB_BceS_LY4_80	MK448831_00039	30.5	99.0
vB_BceS_LY4_81	GU229986_00014	80.9	99.5
vB_BceS_LY4_81	EU874396_00048	62.1	97.2
vB_BceS_LY4_81	KX227759_00018	58.1	97.2
vB_BceS_LY4_81	KX227758_00028	58.1	97.2
vB_BceS_LY4_81	MH884512_00019	34.9	75.0
vB_BceS_LY4_81	KY065465_00039	31.7	74.1
vB_BceS_LY4_81	MW478289_00006	35.5	56.9
vB_BceS_LY4_81	MK448904_00035	31.7	74.1
vB_BceS_LY4_81	FM163528_00036	29.7	74.1
vB_BceS_LY4_81	MK044829_00044	31.1	74.1
vB_BceS_LY4_81	MK448733_00034	30.5	74.1
vB_BceS_LY4_81	MK448862_00037	31.1	74.1
vB_BceS_LY4_81	KC237729_00008	32.3	56.9
vB_BceS_LY4_81	MK448951_00036	28.3	65.3
vB_BceS_LY4_81	MK448686_00037	26.9	65.3
vB_BceS_LY4_81	MK448977_00042	27.6	65.3
vB_BceS_LY4_81	MK448958_00037	27.6	65.3
vB_BceS_LY4_81	MK448791_00042	27.6	65.3
vB_BceS_LY4_81	MK448788_00042	27.6	65.3
vB_BceS_LY4_81	MK448965_00027	26.9	65.3
vB_BceS_LY4_81	MK448959_00027	26.9	65.3
vB_BceS_LY4_81	MK448949_00029	26.9	65.3
vB_BceS_LY4_81	MK448793_00040	26.9	65.3
vB_BceS_LY4_81	MK448960_00038	26.2	65.3
vB_BceS_LY4_81	MK448954_00036	26.2	65.3
vB_BceS_LY4_82	GU229986_00013	95.1	99.2
vB_BceS_LY4_82	EU874396_00047	67.8	95.9
vB_BceS_LY4_82	KX227759_00017	66.9	95.9
vB_BceS_LY4_82	KX227758_00027	66.9	95.9
vB_BceS_LY4_82	MG784342_00053	55.9	95.9
vB_BceS_LY4_82	JQ619704_00006	55.1	95.9
vB_BceS_LY4_82	MH598512_00054	55.1	95.9
vB_BceS_LY4_82	MF176161_00013	56.8	90.2
vB_BceS_LY4_82	MH884512_00018	47.5	95.9
vB_BceS_LY4_82	KP399678_00004	46.7	85.4
vB_BceS_LY4_82	AJ242593_00004	46.7	85.4
vB_BceS_LY4_82	DQ003637_00004	46.7	85.4
vB_BceS_LY4_82	ON456151_00001	45.8	85.4
vB_BceS_LY4_82	MH341452_00004	45.8	85.4
vB_BceS_LY4_82	MZ361827_00039	45.8	85.4
vB_BceS_LY4_82	MZ361826_00004	45.8	85.4
vB_BceS_LY4_82	MZ361825_00004	45.8	85.4
vB_BceS_LY4_82	KJ094022_00028	45.8	85.4
vB_BceS_LY4_82	OP455937_00032	41.0	81.3
vB_BceS_LY4_82	MF041990_00039	33.9	95.9
vB_BceS_LY4_82	MK448982_00034	37.6	92.7
vB_BceS_LY4_82	OP807343_00009	35.5	86.2
vB_BceS_LY4_82	FM163528_00035	38.6	85.4
vB_BceS_LY4_82	MK448884_00043	37.4	74.0
vB_BceS_LY4_82	MK448733_00031	33.1	93.5
vB_BceS_LY4_83	GU229986_00012	98.4	99.7
vB_BceS_LY4_83	MH880817_00103	28.8	94.8
vB_BceS_LY4_83	MZ147816_00162	43.5	33.0
vB_BceS_LY4_83	MT254578_00163	50.0	28.8
vB_BceS_LY4_83	OK499991_00170	48.9	28.8
vB_BceS_LY4_83	OL799258_00111	41.9	28.2
vB_BceS_LY4_83	KY421186_00017	45.6	28.8
vB_BceS_LY4_83	MN241318_00091	41.9	28.2
vB_BceS_LY4_83	KP339049_00086	41.9	28.2
vB_BceS_LY4_83	MT774409_00021	44.7	27.8
vB_BceS_LY4_83	MN939540_00151	43.5	27.5
vB_BceS_LY4_83	MN939539_00148	43.5	27.5
vB_BceS_LY4_83	MK792752_00075	43.5	27.5
vB_BceS_LY4_83	MH791408_00046	45.1	26.5
vB_BceS_LY4_83	MH791416_00176	45.1	26.5
vB_BceS_LY4_83	OK499991_00110	50.0	27.2
vB_BceS_LY4_83	MT708549_00102	40.8	35.3
vB_BceS_LY4_83	MT774405_00032	45.6	27.2
vB_BceS_LY4_83	OM634661_00223	40.7	27.2
vB_BceS_LY4_83	OP380492_00192	37.2	35.0
vB_BceS_LY4_83	MT774380_00011	41.5	28.5
vB_BceS_LY4_83	MT774392_00085	38.9	29.4
vB_BceS_LY4_83	LR745208_00600	38.1	34.6
vB_BceS_LY4_83	MT774401_00044	38.1	27.5
vB_BceS_LY4_83	KT070867_00095	42.0	27.2
vB_BceS_LY4_84	GU229986_00011	95.4	99.6
vB_BceS_LY4_84	KX227759_00017	69.7	99.6
vB_BceS_LY4_84	KX227758_00027	69.7	99.6
vB_BceS_LY4_84	EU874396_00047	68.9	99.6
vB_BceS_LY4_84	MF176161_00013	46.8	97.9
vB_BceS_LY4_84	MG784342_00053	39.7	96.7
vB_BceS_LY4_84	MH884512_00018	39.1	95.9
vB_BceS_LY4_84	JQ619704_00006	38.6	97.5
vB_BceS_LY4_84	KJ094022_00028	35.1	99.6
vB_BceS_LY4_84	MH598512_00054	38.7	97.5
vB_BceS_LY4_84	MH341452_00004	35.1	99.6
vB_BceS_LY4_84	DQ003637_00004	34.7	99.6
vB_BceS_LY4_84	AJ242593_00004	34.3	99.6
vB_BceS_LY4_84	KP399678_00004	34.3	99.6
vB_BceS_LY4_84	MZ361827_00039	33.9	99.6
vB_BceS_LY4_84	MZ361826_00004	33.9	99.6
vB_BceS_LY4_84	MZ361825_00004	33.9	99.6
vB_BceS_LY4_84	MK448925_00037	33.9	93.8
vB_BceS_LY4_84	MK448927_00037	33.9	93.8
vB_BceS_LY4_84	MK448861_00040	32.2	98.3
vB_BceS_LY4_84	MK448897_00039	31.6	93.8
vB_BceS_LY4_84	MK448708_00040	31.6	93.8
vB_BceS_LY4_84	ON456151_00001	44.0	47.9
vB_BceS_LY4_84	MK448886_00028	31.8	98.3
vB_BceS_LY4_84	MK448982_00034	30.4	98.8
vB_BceS_LY4_85	GU229986_00010	96.8	99.7
vB_BceS_LY4_85	KX227759_00016	73.0	95.6
vB_BceS_LY4_85	KX227758_00026	73.0	95.6
vB_BceS_LY4_85	EU874396_00046	54.9	95.6
vB_BceS_LY4_85	MF176161_00010	56.7	95.0
vB_BceS_LY4_85	MH884512_00015	43.7	92.4
vB_BceS_LY4_85	MH598512_00055	45.6	92.1
vB_BceS_LY4_85	MG784342_00054	44.7	92.6
vB_BceS_LY4_85	MH341452_00003	42.7	92.9
vB_BceS_LY4_85	MZ361826_00003	43.3	92.9
vB_BceS_LY4_85	MZ361825_00003	43.3	92.9
vB_BceS_LY4_85	MZ361827_00040	43.3	92.9
vB_BceS_LY4_85	AJ242593_00003	42.1	92.9
vB_BceS_LY4_85	JQ619704_00005	44.0	93.2
vB_BceS_LY4_85	DQ003637_00003	41.7	93.8
vB_BceS_LY4_85	KP399678_00003	41.7	92.9
vB_BceS_LY4_85	ON456151_00069	41.9	92.9
vB_BceS_LY4_85	KJ094022_00027	41.9	92.9
vB_BceS_LY4_85	AY616446_00032	35.9	87.4
vB_BceS_LY4_85	MW057932_00038	34.3	94.4
vB_BceS_LY4_85	MK448979_00031	35.9	89.7
vB_BceS_LY4_85	MK448800_00031	35.9	89.7
vB_BceS_LY4_85	MK448799_00031	35.9	89.7
vB_BceS_LY4_85	MK448925_00036	35.7	97.4
vB_BceS_LY4_85	MK448965_00023	35.0	87.4
