Accession	identity%	coverage%
MN102376 Vibrio phage vB_VpS_CA8, complete genome.	100.0	100.0
MN175679 Vibrio phage vB_VpS_BA3, complete genome.	96.41	80.1
MH925093 UNVERIFIED: Vibrio phage VspDsh_1, complete genome.	96.08333333333333	63.4
OK349507 Vibrio phage vB_VpaS_AL-2, complete genome.	96.56363636363636	63.90000000000001
MW423737 Vibrio phage PH669 Scaffold1 genomic sequence, sequence.	95.82000000000001	34.20000000000001
MT135025 Vibrio phage V07, complete genome.	88.91818181818181	57.4
MW423739 Vibrio phage PH669 Scaffold3 genomic sequence, sequence.	97.05000000000001	23.299999999999997
MW423738 Vibrio phage PH669 Scaffold2 genomic sequence, sequence.	91.44999999999999	25.1
MT135024 Vibrio phage V05, complete genome.	96.1	1.4000000000000001
ON457559 Vibrio phage vB_VpaS_CHI, complete genome.	72.70909090909089	13.4
ON457558 Vibrio phage vB_VpaS_ALK, complete genome.	72.72727272727272	13.3
MT795651 Vibrio phage vB_VnaS-AQKL99, complete genome.	72.86666666666666	12.200000000000001
KX198614 Vibrio phage vB_VhaS-tm, partial genome.	72.26666666666667	9.4
MW114771 Vibrio phage pVco-14, complete genome.	72.9	8.100000000000001
MZ592922 Vibrio phage vB_VpS_C2, complete genome.	73.1	1.6
MG602476 Vibrio phage VVP001, complete genome.	72.9	1.6
HG992588 Vibrio phage B1_1 genome assembly, chromosome: 1.	71.5	1.7000000000000002
MH599087 Vibrio phage R01, complete genome.	70.80000000000001	2.8
MW451246 UNVERIFIED: Vibrio phage VP11, complete genome.	71.2	1.7000000000000002
MF754114 Vibrio phage vB_VpaS_KF4, complete genome.	72.3	1.5
MF754113 Vibrio phage vB_VpaS_KF3, complete genome.	72.3	1.5
MG893203 Vibrio phage VP06, complete genome.	72.1	1.5
OP331229 Vibrio phage 033B, complete genome.	71.88	3.8
MW451249 UNVERIFIED: Vibrio phage GH32, complete genome.	71.9	3.7000000000000006
MT345684 Alteromonas phage vB_AcoS-R7M, complete genome.	70.47999999999999	2.5
NC_048878 Alteromonas phage vB_AcoS-R7M, complete genome.	70.47999999999999	2.5
MZ818790 UNVERIFIED: Vibrio phage OPA17, complete genome.	70.3	1.0
OL314400 Vibrio phage OTA22, partial genome.	70.3	1.0
MH925090 UNVERIFIED: Vibrio phage ValLY_3, complete genome.	69.9	1.0
ON911540 Xanthomonas phage vB_Xar_IVIA-DoCa3, complete genome.	70.6	0.8999999999999999
KX898400 Pseudomonas phage JG054, complete genome.	75.23333333333333	1.6
OP784576 Pseudomonas phage pPA-3099-2aT.3, complete genome.	78.55	0.9999999999999999
OP882271 Pseudomonas phage MiCath, complete genome.	69.2	0.8999999999999999
OM386652 Escherichia phage vB_EcoS_ESCO3, complete genome.	71.36666666666667	2.0
MW057861 Providencia phage PSTCR7, complete genome.	69.6	1.7000000000000002
ON922918 Escherichia phage vB_EcoM_PD328, complete genome.	72.60000000000001	1.7000000000000002
MK165087 Escherichia phage BRET, complete genome.	73.325	2.3
MG948468 Pantoea phage vB_PagS_Vid5, complete genome.	71.66666666666667	2.0999999999999996
NC_042120 Pantoea phage vB_PagS_Vid5, complete genome.	71.66666666666667	2.0999999999999996
MK373794 Escherichia phage vB_EcoS_HdK1, complete genome.	72.56666666666666	1.6
MZ501057 Escherichia phage ChristophMerian strain Bas19, complete genome.	70.30000000000001	2.0999999999999996
MK373795 Escherichia phage vB_EcoS_HdSG1, complete genome.	72.7	1.6
NC_028997 Enterobacteria phage JenP2, complete genome.	73.16666666666667	1.6
KP719133 Enterobacteria phage JenP2, complete genome.	73.16666666666667	1.6
NC_029021 Enterobacteria phage JenK1, complete genome.	70.875	2.4
KP719134 Enterobacteria phage JenK1, complete genome.	70.875	2.4
OL960573 Escherichia phage vB_EcoS_SA126VB, complete genome.	69.53333333333335	2.0999999999999996
MZ501112 Escherichia phage WildeMaa strain Bas23, complete genome.	68.95	2.3000000000000003
NC_029028 Enterobacteria phage JenP1, complete genome.	71.95	2.5
KP719132 Enterobacteria phage JenP1, complete genome.	71.95	2.5
MT682705 Escherichia phage vB_EcoS_SP8, complete genome.	70.625	2.6999999999999997
MZ501071 Escherichia phage GottfriedDienst strain Bas21, complete genome.	69.525	2.3000000000000003
MZ501110 Escherichia phage VogelGryff strain Bas25, complete genome.	68.6	1.7999999999999998
MZ501104 Escherichia phage SeppeHuegi strain Bas24, complete genome.	69.95	3.0
KX129925 Pseudomonas phage NP1, complete genome.	73.9	1.0999999999999999
NC_031058 Pseudomonas phage NP1, complete genome.	73.9	1.0999999999999999
MZ501068 Escherichia phage FritzHoffmann strain Bas20, complete genome.	71.46666666666667	1.9000000000000004
OL960575 Escherichia phage vB_EcoS_SA80RD, complete genome.	70.16666666666667	1.7000000000000002
MW057856 Providencia phage PSTCR4, complete genome.	70.1	1.7000000000000002
NC_024146 Enterobacteria phage 9g, complete genome.	70.73333333333333	1.9000000000000004
KJ419279 Enterobacteria phage 9g, complete genome.	70.73333333333333	1.9000000000000004
KM236243 Escherichia phage Seurat, complete genome.	68.0	2.4
NC_027378 Escherichia phage Seurat, complete genome.	68.0	2.4
MZ501091 Escherichia phage KurtStettler strain Bas22, complete genome.	69.30000000000001	1.9000000000000004
LR025197 Escherichia phage vB_Eco_SLUR75 genome assembly, complete genome: monopartite.	69.86666666666667	1.7000000000000002
KY926791 Salmonella phage SE1 (in:Nonagvirus), complete genome.	73.475	1.8000000000000003
NC_042025 Salmonella phage SE1 (in:Nonagvirus), complete genome.	73.475	1.8000000000000003
JQ067084 Pseudomonas phage PaMx25, complete genome.	78.10000000000001	1.3
NC_041953 Pseudomonas phage PaMx25, complete genome.	78.10000000000001	1.3
LT907986 Escherichia phage vB_Eco_SLUR25 genome assembly, complete genome: monopartite.	67.93333333333334	1.9
LR025196 Escherichia phage vB_Eco_SLUR63 genome assembly, complete genome: monopartite.	69.66666666666667	1.7000000000000002
MK672798 Escherichia phage Skure, complete genome.	69.96666666666667	1.5
LR025198 Escherichia phage vB_Eco_SLUR26 genome assembly, complete genome: monopartite.	71.9	1.3
LR025195 Escherichia phage vB_Eco_SLUR76 genome assembly, complete genome: monopartite.	71.9	1.3
NC_028831 Escherichia phage slur01, complete genome.	69.96666666666667	1.8000000000000003
LN881725 Escherichia phage slur01, complete genome.	69.96666666666667	1.8000000000000003
MN504636 Pseudomonas phage Quinobequin-P09, complete genome.	79.25	0.6
NC_026610 Vibrio phage VpKK5, complete genome.	73.26666666666667	2.7
KM378617 Vibrio phage VpKK5, complete genome.	73.26666666666667	2.7
KX898399 Pseudomonas phage JG012, complete genome.	67.69999999999999	1.5
KP064094 Enterobacteria phage CAjan, complete genome.	69.93333333333332	1.9999999999999998
NC_028776 Enterobacteria phage CAjan, complete genome.	69.93333333333332	1.9999999999999998
KX534337 Escherichia phage Greed, partial genome.	67.725	2.4
NC_042137 Acinetobacter phage vB_AbaS_Loki genome assembly, complete genome: monopartite.	72.8	0.6
LN890663 Acinetobacter phage vB_AbaS_Loki genome assembly, complete genome: monopartite.	72.8	0.6
OL539454 Escherichia phage vB_EcoS_OddieOddie, complete genome.	69.125	2.7
MW835180 Pseudomonas phage vB_PaeS_PAJD-1, complete genome.	68.7	0.8
MH362766 Escherichia phage Halfdan, complete genome.	70.25	0.8
MW151244 Acinetobacter phage Ab_SZ3, complete genome.	70.8	0.6
NC_026608 Paracoccus phage vB_PmaS-R3, complete genome.	72.35	0.9000000000000001
KP162168 Paracoccus phage vB_PmaS-R3, complete genome.	72.35	0.9000000000000001
EF523948 Burkholderia phage BcepGomr, complete genome.	67.2	0.8
NC_009447 Burkholderia phage BcepGomr, complete genome.	67.2	0.8
MN820898 Sphingomonas phage vB_StuS_MMDA13, complete genome.	79.35	0.6
OP009282 Rhodobacter phage RcMotherGoose, complete genome.	72.6	0.5
NC_029097 Rhodobacter phage RcTitan, complete genome.	72.6	0.5
KR935213 Rhodobacter phage RcTitan, complete genome.	72.6	0.5
NC_029033 Achromobacter phage phiAxp-1, complete genome.	69.2	0.7000000000000001
KP313532 Achromobacter phage phiAxp-1, complete genome.	69.2	0.7000000000000001
MT713136 Aeromonas phage AP1, complete genome.	70.7	0.6
MH230177 Aeromonas phage SD04, complete genome.	71.1	1.0
NC_023590 Acinetobacter phage IME_AB3, complete genome.	69.9	0.6
KF811200 Acinetobacter phage IME_AB3, complete genome.	69.9	0.6
MK411820 Acinetobacter phage vB_AbaS_D0, complete genome.	69.9	0.6
MN029011 Pseudomonas phage Iggy, complete genome.	68.23333333333333	1.6999999999999997
MW464860 Enterobacter phage EC151, complete genome.	70.1	1.0
MN871472 UNVERIFIED_ORG: Pseudomonas virus Pa-X, complete genome.	70.65	0.8
MN871474 UNVERIFIED_ORG: Pseudomonas virus Pa-oumiga, complete genome.	70.65	0.8
MN871471 UNVERIFIED_ORG: Pseudomonas virus Pa-V, complete genome.	70.65	0.8
OL960029 Pseudoxanthomonas phage PW916, complete genome.	69.0	0.5
MT536174 Stenotrophomonas phage vB_SmaS-AXL_3, complete genome.	67.4	0.6
MZ326859 Stenotrophomonas phage Siara, complete genome.	68.2	0.6
MG592544 Vibrio phage 1.177.O._10N.286.45.E10, partial genome.	70.2	0.5
MK069556 Microcystis phage Me-ZS1, complete genome.	65.8	0.8
MK962636 Achromobacter phage vB_AxyS_19-32_Axy19, complete genome.	71.0	0.4
MK542015 Escherichia phage ZCEC5, complete genome.	73.9	0.3
MN734439 Sphingomonas phage Kharn, complete genome.	69.2	0.5
NC_069744 Xanthomonas phage Samson, complete genome.	69.0	0.5
MN062187 Xanthomonas phage Samson, complete genome.	69.0	0.5
KU197014 Xanthomonas phage XAJ2, complete genome.	67.9	0.5
OL802211 Pseudomonas phage vB_Pae_TR, complete genome.	72.8	0.3
ON911538 Xanthomonas phage vB_Xar_IVIA-DoCa1, complete genome.	68.7	0.5
NC_069745 Xanthomonas phage vB_Xar_IVIA-DoCa1, complete genome.	68.7	0.5
MN013084 Klebsiella phage vB_KaeM_KaAlpha, complete genome.	87.6	0.1
OL849997 Enterobacter phage vB-EclM_KMB17, complete genome.	87.6	0.1
MT711527 Escherichia phage vB_EcoS_fTaEco01, complete genome.	72.8	0.3
NC_041898 Escherichia phage K1ind2, complete genome.	72.8	0.3
GU196280 Escherichia phage K1ind2, complete genome.	72.8	0.3
GU196281 Escherichia phage K1ind3, complete genome.	72.8	0.3
MZ501266 Erwinia phage AH03, complete genome.	71.7	0.3
MW331437 Escherichia phage phiWAO78-1, complete genome.	72.8	0.3
MK737937 Raoultella phage RP180, complete genome.	72.8	0.3
NC_048181 Raoultella phage RP180, complete genome.	72.8	0.3
OL539727 Escherichia virus fEg-Eco19, complete genome.	72.8	0.3
NC_028879 Pseudomonas phage PaMx42, complete genome.	71.7	0.4
JQ067092 Pseudomonas phage PaMx42, complete genome.	71.7	0.4
ON932082 Xanthomonas phage vB_Xar_IVIA-DoCa8, complete genome.	73.6	0.3
OK210076 Enterobacter phage KKP_3262, complete genome.	86.4	0.1
MZ832314 Escherichia phage 26, complete genome.	72.2	0.3
MN484601 Gordonia phage Sixama, complete genome.	87.1	0.1
JQ691611 Cronobacter phage CR9, complete genome.	86.0	0.1
NC_023717 Cronobacter phage CR9, complete genome.	86.0	0.1
OL744211 Enterobacter phage vB_ExiM_F1M1E, complete genome.	83.5	0.1
OL744216 Enterobacter phage vB_ExiM_F4M1E, complete genome.	83.5	0.1
OL744220 Pantoea phage vB_PdiM_F5M2A, complete genome.	83.5	0.1
OL744219 Enterobacter phage vB_ExiM_F5M1E, complete genome.	83.5	0.1
OL744214 Enterobacter phage vB_ExiM_F2M1E, complete genome.	83.5	0.1
MN013077 Klebsiella phage vB_KaeM_KaOmega, complete genome.	84.1	0.1
MN734437 Sphingomonas phage Eidolon, complete genome.	73.8	0.3
MN734438 Sphingomonas phage Lucius, complete genome.	73.8	0.3
KU682439 Stenotrophomonas phage vB_SmaS-DLP_6, complete genome.	82.9	0.2
MG252615 Escherichia phage vB_EcoS_HSE2, complete genome.	76.2	0.2
MZ234010 Escherichia phage vB_EcoS-22664BS2, complete genome.	76.2	0.2
OK283618 Listeria phage LPML1, complete genome.	85.0	0.1
HQ317385 Synechococcus phage S-RIM8 A.HR5, complete genome.	84.6	0.1
KX349286 Synechococcus phage S-RIM8 isolate RW_03_0807_WH8101, complete genome.	84.6	0.1
KX349288 Synechococcus phage S-RIM8 isolate RW_08_0711, complete genome.	84.6	0.1
MK493322 Synechococcus phage S-RIM8 isolate RW_01_0115_WH8101, complete genome.	84.6	0.1
MK493324 Synechococcus phage S-RIM8 isolate RW_22_0214, complete genome.	84.6	0.1
KX349290 Synechococcus phage S-RIM8 isolate RW_25_1112, complete genome.	84.6	0.1
KX349287 Synechococcus phage S-RIM8 isolate RW_06_0613, complete genome.	84.6	0.1
MK493325 Synechococcus phage S-RIM8 isolate RW_62_0316, complete genome.	84.6	0.1
JF974289 Synechococcus phage S-RIM8 A.HR3, complete genome.	84.6	0.1
JF974288 Synechococcus phage S-RIM8 A.HR1, complete genome.	84.6	0.1
NC_020486 Synechococcus phage S-RIM8 A.HR1, complete genome.	84.6	0.1
KX349289 Synechococcus phage S-RIM8 isolate RW_22_0300, complete genome.	84.6	0.1
NC_047733 Synechococcus phage S-RIM8 isolate RW_22_0300, complete genome.	84.6	0.1
KX349285 Synechococcus phage S-RIM8 isolate RW_01_0212_WH8101, complete genome.	84.6	0.1
MK493323 Synechococcus phage S-RIM8 isolate RW_03_0617, complete genome.	84.6	0.1
OM313460 Escherichia phage vB_EcoM_IntR, complete genome.	71.7	0.3
MK359346 Mycobacterium phage NoodleTree, complete genome.	84.4	0.1
NC_054719 Mycobacterium phage NoodleTree, complete genome.	84.4	0.1
MK359337 Mycobacterium phage Flabslab, complete genome.	84.4	0.1
OP297534 Mycobacterium phage Turret, complete genome.	84.4	0.1
MZ958745 Mycobacterium phage Pinkcreek, complete genome.	84.4	0.1
KT365400 Mycobacterium phage ErnieJ, complete genome.	84.4	0.1
MK450423 Mycobacterium phage Stubby, complete genome.	84.4	0.1
NC_028986 Mycobacterium phage Alice, complete sequence.	84.4	0.1
JF704092 Mycobacterium phage Alice, complete sequence.	84.4	0.1
ON526982 Mycobacterium phage Guwapp, complete genome.	84.4	0.1
MK310143 Mycobacterium phage Dietrick, complete genome.	84.4	0.1
NC_028869 Mycobacterium phage HyRo, complete genome.	84.4	0.1
KT281790 Mycobacterium phage HyRo, complete genome.	84.4	0.1
MT818416 Mycobacterium phage BackyardAgain, complete genome.	84.4	0.1
MN062707 Mycobacterium phage Grungle, complete genome.	84.4	0.1
DQ398053 Mycobacteriophage Catera, complete genome.	84.4	0.1
NC_008207 Mycobacterium phage Catera, complete genome.	84.4	0.1
MK359345 Mycobacterium phage QBert, complete genome.	84.4	0.1
NC_054720 Mycobacterium phage QBert, complete genome.	84.4	0.1
MH779498 Mycobacterium phage Bread, complete genome.	84.4	0.1
MK112554 Mycobacterium phage TinyTim, complete genome.	84.4	0.1
NC_023714 Mycobacterium phage LinStu, complete genome.	84.4	0.1
JN412592 Mycobacterium phage LinStu, complete genome.	84.4	0.1
NC_011272 Mycobacterium phage Rizal, complete genome.	84.4	0.1
EU826467 Mycobacterium phage Rizal, complete genome.	84.4	0.1
EU826469 Mycobacterium phage ScottMcG, complete genome.	84.4	0.1
NC_011269 Mycobacterium phage ScottMcG, complete genome.	84.4	0.1
MF919494 Mycobacterium phage BeanWater, complete genome.	84.4	0.1
MK359344 Mycobacterium phage Napoleon13, complete genome.	84.4	0.1
MK359366 Mycobacterium phage Basquiat, complete genome.	84.4	0.1
MK359336 Mycobacterium phage Chargie21, complete genome.	84.4	0.1
MZ856343 Mycobacterium phage EasyJones, complete genome.	84.4	0.1
GQ303262 Mycobacterium phage LRRHood, complete genome.	84.4	0.1
MK359364 Mycobacterium phage ChickenPhender, complete genome.	84.4	0.1
MK359363 Mycobacterium phage Fludd, complete genome.	84.4	0.1
MK112548 Mycobacterium phage McWolfish, complete genome.	84.4	0.1
JQ911768 Mycobacterium phage Ava3, complete genome.	84.4	0.1
MK359342 Mycobacterium phage ShiaLabeouf, complete genome.	84.4	0.1
MN276192 Mycobacterium phage Trinitium, complete genome.	84.4	0.1
MK359303 Mycobacterium phage Shnickers, complete genome.	84.4	0.1
MK359317 Mycobacterium phage FrayBell, complete genome.	84.4	0.1
MZ028626 Mycobacterium phage Latch, complete genome.	84.4	0.1
MK359362 Mycobacterium phage Atlantean, complete genome.	84.4	0.1
KR080196 Mycobacterium phage Momo, complete genome.	84.4	0.1
MK359338 Mycobacterium phage Amataga, complete genome.	84.4	0.1
MK450432 Mycobacterium phage ValleyTerrace, complete genome.	84.4	0.1
NC_023733 Mycobacterium phage MoMoMixon, complete genome.	84.4	0.1
JN699626 Mycobacterium phage MoMoMixon, complete genome.	84.4	0.1
MK359365 Mycobacterium phage Loanshark, complete genome.	84.4	0.1
MH779502 Mycobacterium phage FudgeTart, complete genome.	84.4	0.1
MK450429 Mycobacterium phage Bipolarisk, complete genome.	84.4	0.1
MH825713 Mycobacterium phage Zalkecks, complete genome.	84.4	0.1
MH669008 Mycobacterium phage Megamind, complete genome.	84.4	0.1
ON260824 Mycobacterium phage Jemmno, complete genome.	84.4	0.1
MT553335 Mycobacterium phage Ronan, complete genome.	84.4	0.1
MK450424 Mycobacterium phage Melpomini, complete genome.	84.4	0.1
MH590593 Mycobacterium phage Rabinovish, complete genome.	84.4	0.1
NC_021349 Mycobacterium phage Astraea, complete genome.	84.4	0.1
KC691257 Mycobacterium phage Astraea, complete genome.	84.4	0.1
MF919527 Mycobacterium phage Phox, complete genome.	84.4	0.1
NC_011270 Mycobacterium phage Spud, complete genome.	84.4	0.1
EU826468 Mycobacterium phage Spud, complete genome.	84.4	0.1
MN428065 Mycobacterium phage Cactojaque, complete genome.	84.4	0.1
MK359333 Mycobacterium phage JustHall, complete genome.	84.4	0.1
MT723944 Mycobacterium phage ChaylaJr, complete genome.	84.4	0.1
MK359314 Mycobacterium phage Ewok, complete genome.	84.4	0.1
MH316567 Mycobacterium phage ParkTD, complete genome.	84.4	0.1
MK450427 Mycobacterium phage Adlitam, complete genome.	84.4	0.1
MF919499 Mycobacterium phage Daffodil, complete genome.	84.4	0.1
MK359321 Mycobacterium phage Phusco, complete genome.	84.4	0.1
MN428066 Mycobacterium phage JPickles, complete genome.	84.4	0.1
MK359334 Mycobacterium phage Delilah, complete genome.	84.4	0.1
MK112549 Mycobacterium phage Morizzled23, complete genome.	84.4	0.1
JF704096 Mycobacterium phage Ghost, complete sequence.	84.4	0.1
MF919493 Mycobacterium phage Audrick, complete genome.	84.4	0.1
MH697586 Mycobacterium phage InigoMontoya, complete genome.	84.4	0.1
MK112545 Mycobacterium phage Khaleesi, complete genome.	84.4	0.1
MK359326 Mycobacterium phage Pivoine, complete genome.	84.4	0.1
MK359339 Mycobacterium phage Naija, complete genome.	84.4	0.1
OP021682 Mycobacterium phage IkeLoa, complete genome.	84.4	0.1
NC_041993 Mycobacterium phage Sebata, complete genome.	84.4	0.1
JN204348 Mycobacterium phage Sebata, complete genome.	84.4	0.1
KT321476 Mycobacterium phage Zeenon, complete genome.	84.4	0.1
JN699625 Mycobacterium phage Wally, complete genome.	84.4	0.1
ON637768 Mycobacterium phage Jaygup, complete genome.	84.4	0.1
NC_011271 Mycobacterium phage Cali, complete genome.	84.4	0.1
EU826471 Mycobacterium phage Cali, complete genome.	84.4	0.1
MK359305 Mycobacterium phage Teardrop, complete genome.	84.4	0.1
MK359311 Mycobacterium phage SmallFry, complete genome.	84.4	0.1
MK359335 Mycobacterium phage Patter, complete genome.	84.4	0.1
KJ595575 Mycobacterium phage Willis, complete genome.	84.4	0.1
MK359306 Mycobacterium phage Norm, complete genome.	84.4	0.1
KX721256 Mycobacterium phage Erdmann, complete genome.	84.4	0.1
KX721255 Mycobacterium phage Yucca, complete genome.	84.4	0.1
NC_023737 Mycobacterium phage Pleione, complete genome.	84.4	0.1
JN624850 Mycobacterium phage Pleione, complete genome.	84.4	0.1
MK359308 Mycobacterium phage Shaqnato, complete genome.	84.4	0.1
MK359327 Mycobacterium phage EmToTheThree, complete genome.	84.4	0.1
MZ388551 Mycobacterium phage Delylah, complete genome.	84.4	0.1
MK359353 Mycobacterium phage BadAgartude, complete genome.	84.4	0.1
OP021684 Mycobacterium phage YemiJoy2021, complete genome.	84.4	0.1
MN234193 Mycobacterium phage Kboogie, complete genome.	84.4	0.1
MK359358 Mycobacterium phage Essence, complete genome.	84.4	0.1
MK878897 Mycobacterium phage Blackbrain, complete genome.	84.4	0.1
MF919513 Mycobacterium phage Koguma, complete genome.	84.4	0.1
MK112541 Mycobacterium phage Jessibeth14, complete genome.	84.4	0.1
MZ681511 Mycobacterium phage SilverDipper, complete genome.	84.4	0.1
MK112534 Mycobacterium phage Burrough, complete genome.	84.4	0.1
MH727543 Mycobacterium phage CharlieB, complete genome.	84.4	0.1
NC_054717 Mycobacterium phage CharlieB, complete genome.	84.4	0.1
MH051266 Mycobacterium phage MikeLiesIn, complete genome.	84.4	0.1
MG812493 Mycobacterium phage NuevoMundo, complete genome.	84.4	0.1
MW712729 Mycobacterium phage BananaFence, complete genome.	84.4	0.1
MK359361 Mycobacterium phage Darko, complete genome.	84.4	0.1
MH697590 Mycobacterium phage Phlegm, complete genome.	84.4	0.1
ON637764 Mycobacterium phage McGee, complete genome.	84.4	0.1
OK040789 Mycobacterium phage Izajani, complete genome.	84.4	0.1
MK359355 Mycobacterium phage Sprinklers, complete genome.	84.4	0.1
MK359330 Mycobacterium phage Iota, complete genome.	84.4	0.1
MW291012 Mycobacterium phage StephanieG, complete genome.	84.4	0.1
NC_004687 Mycobacterium phage Bxz1, complete genome.	84.4	0.1
AY129337 Mycobacteriophage Bxz1, complete genome.	84.4	0.1
MW822148 Mycobacterium phage I3, complete genome.	84.4	0.1
NC_067270 Bixzunavirus I3, complete genome.	84.4	0.1
ON755189 Mycobacterium phage Jedediah, complete genome.	84.4	0.1
MN735434 Mycobacterium phage Mangeria, complete genome.	84.4	0.1
NC_054718 Mycobacterium phage Mangeria, complete genome.	84.4	0.1
MH316561 Mycobacterium phage Derek, complete genome.	84.4	0.1
MH051260 Mycobacterium phage InterFolia, complete genome.	84.4	0.1
MN183285 Mycobacterium phage YoungMoneyMata, complete genome.	84.4	0.1
MK450422 Mycobacterium phage RoMag, complete genome.	84.4	0.1
MK359350 Mycobacterium phage Nidhogg, complete genome.	84.4	0.1
MT723945 Mycobacterium phage Quasimodo, complete genome.	84.4	0.1
NC_054721 Mycobacterium phage Quasimodo, complete genome.	84.4	0.1
MK359329 Mycobacterium phage Kamryn, complete genome.	84.4	0.1
MN183280 Mycobacterium phage LolaVinca, complete genome.	84.4	0.1
MG812494 Mycobacterium phage Pier, complete genome.	84.4	0.1
NC_054722 Mycobacterium phage Sauce, complete genome.	84.4	0.1
MH910040 Mycobacterium phage Sauce, complete genome.	84.4	0.1
MK450434 Mycobacterium phage DrPhinkDaddy, complete genome.	84.4	0.1
MK450425 Mycobacterium phage Shelob, complete genome.	84.4	0.1
MH727558 Mycobacterium phage Salacia, complete genome.	84.4	0.1
MT818423 Mycobacterium phage Janiyra, complete genome.	84.4	0.1
MH051261 Mycobacterium phage Tyke, complete genome.	84.4	0.1
JN699013 Mycobacterium phage Pio, complete genome.	84.4	0.1
MG872839 Mycobacterium phage LifeSavor, complete genome.	84.4	0.1
OP068341 Mycobacterium phage Maby2021, complete genome.	84.4	0.1
MK359349 Mycobacterium phage FoxtrotP1, complete genome.	84.4	0.1
KX831080 Mycobacterium phage Lukilu, complete genome.	84.4	0.1
NC_041901 Mycobacterium phage Lukilu, complete genome.	84.4	0.1
ON456344 Mycobacterium phage Mikro, complete genome.	84.4	0.1
KM881426 Mycobacterium phage ZygoTaiga.	84.4	0.1
MK112533 Mycobacterium phage Bonray, complete genome.	84.4	0.1
MK359328 Mycobacterium phage EmmaElysia, complete genome.	84.4	0.1
MK359347 Mycobacterium phage Ading, complete genome.	84.4	0.1
NC_021346 Mycobacterium phage Gizmo, complete genome.	84.4	0.1
KC748968 Mycobacterium phage Gizmo, complete genome.	84.4	0.1
OP021681 Mycobacterium phage Capablanca, complete genome.	84.4	0.1
ON081335 Mycobacterium phage CindyLou, complete genome.	84.4	0.1
MK359359 Mycobacterium phage Colt, complete genome.	84.4	0.1
NC_054716 Mycobacterium phage Cane17, complete genome.	84.4	0.1
MH697579 Mycobacterium phage Cane17, complete genome.	84.4	0.1
KX752698 Mycobacterium phage Tonenili, complete genome.	84.4	0.1
NC_031080 Mycobacterium phage Tonenili, complete genome.	84.4	0.1
NC_048763 Salmonella phage SE13, complete genome.	71.3	0.3
MK770411 Salmonella phage SE13, complete genome.	71.3	0.3
MN988517 Rhizobium phage RHph_N38, complete genome.	83.5	0.1
MT012730 Salmonella phage vB_SenM-1, complete genome.	74.6	0.2
MK016663 Synechococcus phage S-H68, partial genome.	90.0	0.1
MH107246 Synechococcus phage S-B64, complete genome.	81.1	0.1
NC_055744 Synechococcus phage S-B64, complete genome.	81.1	0.1
MG674163 Acinetobacter phage SH-Ab 15497, complete genome.	67.4	0.4
KM366099 Salmonella phage BP63, complete genome.	71.2	0.3
NC_031250 Salmonella phage BP63, complete genome.	71.2	0.3
MT768059 Escherichia phage vB_EcoM_swi3, complete genome.	71.2	0.3
OM313461 Escherichia phage vB_EcoM_PiR, complete genome.	71.2	0.3
MT764207 Escherichia phage JEP7, complete genome.	71.2	0.3
KY608966 UNVERIFIED: Escherichia phage CF2, complete genome.	71.2	0.3
MW980066 Rhizobium phage RHEph16, complete genome.	81.7	0.1
MN988497 Rhizobium phage RHph_Y2_6, complete genome.	81.7	0.1
OP535465 Synechococcus phage S-CREM1, complete genome.	83.1	0.1
MN379740 Salmonella phage 8-19, complete genome.	71.2	0.3
MN988555 Rhizobium phage RHph_I1_6, complete genome.	82.2	0.1
MK493321 Cyanophage S-RIM4 isolate RW_11_0999, complete genome.	82.8	0.1
LN828717 Synechococcus phage S-PM2 spontaneous deletion mutant, complete genome.	82.8	0.1
NC_015279 Synechococcus phage S-SM2, complete genome.	81.4	0.1
GU071095 Synechococcus phage S-SM2, complete genome.	81.4	0.1
NC_006820 Synechococcus phage S-PM2, complete genome.	82.8	0.1
AJ630128 Bacteriophage S-PM2 complete genome.	82.8	0.1
MN871441 UNVERIFIED_ORG: Aeromonas phage AsSzw2, complete genome.	83.3	0.1
MF448340 Aeromonas phage AS-zj, complete genome.	83.3	0.1
NC_048673 Aeromonas phage AS-zj, complete genome.	83.3	0.1
NC_019538 Aeromonas phage CC2, complete genome.	83.3	0.1
JX123262 Aeromonas phage CC2, complete genome.	83.3	0.1
MH791404 UNVERIFIED: Aeromonas phage Assk, complete genome.	83.3	0.1
OM272052 Escherichia phage fBC-Eco01, complete genome.	74.5	0.2
MT711524 Escherichia phage vB_EcoS_fFiEco03, complete genome.	74.5	0.2
OP172633 Agathobaculum phage AB434P2, partial genome.	83.5	0.1
MT711526 Escherichia phage vB_EcoS_fPoEco01, complete genome.	74.5	0.2
LR743530 Xanthomonas phage Suba genome assembly, chromosome: 1.	70.3	0.3
MZ326861 Stenotrophomonas phage Philippe, complete genome.	88.3	0.1
MN047793 Xanthomonas phage Xoo-sp13, complete genome.	82.6	0.1
AP018399 Xanthomonas phage XacN1 DNA, complete genome.	84.7	0.2
OP745622 Salmonella phage SB2, complete genome.	70.6	0.3
MN988530 Rhizobium phage RHph_N17, complete genome.	75.4	0.2
KT187252 Bacillus phage PBC6, complete genome.	88.1	0.1
MH487649 Bacillus phage BC01, complete genome.	88.1	0.1
ON189043 Xanthomonas phage Langgrundblatt2, complete genome.	70.6	0.3
MK962635 Achromobacter phage vB_AxyS_19-32_Axy18, complete genome.	74.7	0.2
MN234206 Arthrobacter phage Racecar, complete genome.	81.5	0.1
MW147367 Synechococcus phage S-H9-2, complete genome.	81.5	0.1
NC_047838 Synechococcus phage Bellamy, complete genome.	81.5	0.1
MF351863 Synechococcus phage Bellamy, complete genome.	81.5	0.1
NC_029044 Mycobacterium phage Breeniome, complete genome.	81.8	0.1
KX781992 Mycobacterium phage Gabriel, complete genome.	81.8	0.1
MK359324 Mycobacterium phage Tortoise16, complete genome.	81.8	0.1
ON551388 Mycolicibacterium phage Kashi_SSH1, complete genome.	81.8	0.1
KX369583 Mycobacterium phage Littleton, complete genome.	81.8	0.1
JF704116 Mycobacterium phage Drazdys, complete genome.	81.8	0.1
MH744422 Mycobacterium phage Roots515, complete genome.	81.8	0.1
MF919495 Mycobacterium phage Bigswole, complete genome.	81.8	0.1
KT365398 Mycobacterium phage DTDevon, complete genome.	81.8	0.1
NC_048687 Pseudomonas phage PMBT14, complete genome.	80.0	0.1
MG596800 Pseudomonas phage PMBT14, complete genome.	80.0	0.1
MW602648 Escherichia phage vB_EcoM_fHy-Eco03, complete genome.	76.5	0.2
MH791400 UNVERIFIED: Escherichia phage EcSzw-2, complete genome.	86.6	0.1
MH791413 UNVERIFIED: Escherichia phage EcSzw_1, complete genome.	86.6	0.1
MH629685 Synechococcus virus S-PRM1, complete genome.	86.6	0.1
NC_055761 Synechococcus virus S-PRM1, complete genome.	86.6	0.1
OP053361 Cyanophage S-TIM61, complete genome.	82.8	0.1
OP053360 Cyanophage S-TIM66, complete genome.	82.8	0.1
NC_019516 Cyanophage S-TIM5, complete genome.	82.8	0.1
JQ245707 Cyanophage S-TIM5, complete genome.	82.8	0.1
KU686205 Synechococcus phage S-CAM9 isolate 0908SB82, complete genome.	86.6	0.1
KU686204 Synechococcus phage S-CAM9 isolate 0808SB05, complete genome.	86.6	0.1
NC_031922 Synechococcus phage S-CAM9 isolate 1109NB16, complete genome.	86.6	0.1
KU686206 Synechococcus phage S-CAM9 isolate 1109NB16, complete genome.	86.6	0.1
OP053362 Cyanophage S-TIM54, complete genome.	82.8	0.1
MK962637 Achromobacter phage vB_AxyS_19-32_Axy20, complete genome.	70.9	0.3
MG770228 Escherichia phage PMBT57, complete genome.	81.9	0.1
MW175414 Escherichia phage VEc25, complete genome.	81.9	0.1
MW883059 Escherichia phage vB_EcoM_SYGD1, complete genome.	85.4	0.1
MG592577 Vibrio phage 1.207.B._10N.222.51.C2, partial genome.	66.8	0.4
MG592491 Vibrio phage 1.117.O._10N.261.45.E9, partial genome.	66.8	0.4
MG592667 Vibrio phage 2.117.O._10N.261.45.E9, partial genome.	66.8	0.4
NC_053508 Mycobacterium phage GuuelaD, complete genome.	86.4	0.1
MF324910 Mycobacterium phage GuuelaD, complete genome.	86.4	0.1
MT684598 Streptomyces phage Faust, complete genome.	82.6	0.1
NC_028672 Cronobacter phage PBES 02, complete genome.	78.5	0.1
KT353109 Cronobacter phage PBES 02, complete genome.	78.5	0.1
JN797798 Bacillus phage BCU4, complete genome.	86.4	0.1
NC_047735 Bacillus phage BCU4, complete genome.	86.4	0.1
MN013089 Bacillus phage vB_BspM_MarvelLand, complete genome.	86.4	0.1
ON529858 Brevundimonas phage vB_BgoS-Bajun, complete genome.	79.7	0.1
NC_053012 Serratia phage JS26, complete genome.	68.0	0.3
MN505213 Serratia phage JS26, complete genome.	68.0	0.3
KX987999 Bacillus phage BCP12, complete genome.	85.7	0.1
NC_018860 Bacillus phage BCP78, complete genome.	85.7	0.1
JN797797 Bacillus phage BCP78, complete genome.	85.7	0.1
MK816297 Pseudomonas virus PBPA162, complete genome.	77.2	0.2
OX335406 Klebsiella phage cp20 genome assembly, chromosome: 1.	86.2	0.1
ON004963 Klebsiella phage GADU21, partial genome.	86.2	0.1
OP764672 Klebsiella phage VB_KpP_HS106, complete genome.	86.2	0.1
NC_055919 Klebsiella phage vB_KpnP_P184, complete genome.	86.2	0.1
MW495044 Klebsiella phage vB_KpnP_P184, complete genome.	86.2	0.1
OP413827 Klebsiella phage pKP-BM327-1.2, complete genome.	86.2	0.1
OK040794 Arthrobacter phage Atuin, complete genome.	85.0	0.1
OM632672 UNVERIFIED_ORG: Escherichia phage BEU51, complete genome.	80.5	0.1
OM632669 UNVERIFIED_ORG: Escherichia phage BEU42, complete genome.	80.5	0.1
MK931297 Escherichia phage vB_EcoP_3HA13, complete genome.	80.5	0.1
EF056009 Escherichia phage N4, complete genome.	80.5	0.1
NC_008720 Enterobacteria phage N4, complete genome.	80.5	0.1
MH992123 UNVERIFIED: Escherichia phage OLB145, complete genome.	80.5	0.1
OM632666 UNVERIFIED_ORG: Escherichia phage BEU14, complete genome.	80.5	0.1
OM632664 UNVERIFIED_ORG: Escherichia phage BEU5, complete genome.	80.5	0.1
OM632665 UNVERIFIED_ORG: Escherichia phage BEU13, complete genome.	80.5	0.1
OW991345 Escherichia phage vB_Eco_AL25 genome assembly, chromosome: 1.	80.5	0.1
OV049961 Escherichia phage vB_Eco_SPSP genome assembly, chromosome: 1.	80.5	0.1
LR999871 Escherichia phage vB_Eco_Jura genome assembly, chromosome: 1.	80.5	0.1
ON528738 UNVERIFIED: Shigella phage ESh28, complete genome.	83.8	0.1
OP856590 Escherichia phage Ec_MI-02, complete genome.	83.8	0.1
NC_054904 Enterobacteria phage vB_EcoM_IME340, complete genome.	83.8	0.1
MH051916 Enterobacteria phage vB_EcoM_IME340, complete genome.	83.8	0.1
OM135583 Escherichia phage EP01, complete genome.	83.8	0.1
OP172784 Escherichia phage ECO07P1, complete genome.	83.8	0.1
MT932213 Escherichia phage VEc74, complete genome.	83.8	0.1
MZ189262 Escherichia phage W143, complete genome.	83.8	0.1
OL960581 Escherichia phage vB_EcoM_SA20RB, complete genome.	83.8	0.1
MZ417521 Escherichia phage 132, complete genome.	83.8	0.1
NC_055723 Yersinia phage fPS-90 genome assembly, chromosome: I.	83.8	0.1
LR215723 Yersinia phage fPS-90 genome assembly, chromosome: I.	83.8	0.1
MW749000 Hafnia phage vB_HpaM_IsaacDaniel, complete genome.	83.8	0.1
OL770073 Escherichia phage vB_EcoM-RPN226, complete genome.	83.8	0.1
KF208315 Yersinia phage PST, complete genome.	83.8	0.1
NC_027404 Yersinia phage PST, complete genome.	83.8	0.1
NC_054930 Escherichia phage PP01 DNA, complete sequence.	83.8	0.1
LC348379 Escherichia phage PP01 DNA, complete sequence.	83.8	0.1
ON229909 Escherichia phage vB_EcoM_CE1, complete genome.	83.8	0.1
KJ668714 Escherichia phage e11/2, complete genome.	83.8	0.1
NC_024125 Escherichia phage e11/2, complete genome.	83.8	0.1
NC_054921 Escherichia phage vB_EcoM_IME537, complete genome.	83.8	0.1
MT179807 Escherichia phage vB_EcoM_IME537, complete genome.	83.8	0.1
KX130862 Shigella phage SHFML-26, complete genome.	83.8	0.1
NC_031011 Shigella phage SHFML-26, complete genome.	83.8	0.1
ON720975 Salmonella phage GRNsp7, complete genome.	83.8	0.1
OL362041 Escherichia phage vB_Eco_OMNI12, complete genome.	83.8	0.1
MW822011 Shigella phage TB004, complete genome.	83.8	0.1
MZ150757 Salmonella phage Lv5cm, complete genome.	83.8	0.1
MT682714 Escherichia phage vB_EcoM_Lutter, complete genome.	83.8	0.1
NC_054924 Escherichia phage vB_EcoM_Lutter, complete genome.	83.8	0.1
KX130861 Shigella phage SHFML-11, complete genome.	83.8	0.1
NC_030953 Shigella phage SHFML-11, complete genome.	83.8	0.1
NC_031047 Escherichia phage HY03, complete genome.	83.8	0.1
KR269718 Escherichia phage HY03, complete genome.	83.8	0.1
MK867354 Synechococcus phage S-SCSM1, complete genome.	82.0	0.1
AFYI01000003 Salmonella enterica subsp. enterica serovar Infantis str. SARB27 SEENIN0B_Contig0.3, whole genome shotgun sequence.	78.0	0.1
AGRM01000003 Salmonella enterica subsp. houtenae str. ATCC BAA-1581 SEHO0AFNL_Contig0.3, whole genome shotgun sequence.	78.0	0.1
NC_069740 Pseudomonas phage KP1, complete sequence.	71.9	0.2
MK574078 Pseudomonas phage KP1, complete sequence.	71.9	0.2
NC_054918 Escherichia phage vB_EcoM_G4498, complete genome.	81.8	0.1
MK327939 Escherichia phage vB_EcoM_G4498, complete genome.	81.8	0.1
OK018184 Shigella phage CT01, complete genome.	83.6	0.1
MN018232 Synechococcus phage S-B43, complete genome.	78.9	0.1
MT992243 Acinetobacter phage DMU1, complete genome.	65.7	0.4
KR063281 Gordonia phage GMA2, complete genome.	77.9	0.1
OP557970 Escherichia phage ph0021, complete genome.	82.2	0.1
NC_015457 Shigella phage Shfl2, complete genome.	82.2	0.1
HM035025 Shigella phage Shfl2, complete genome.	82.2	0.1
NC_042077 Shigella phage Sf21, complete genome.	82.2	0.1
MF327007 Shigella phage Sf21, complete genome.	82.2	0.1
ON528739 UNVERIFIED: Shigella phage ESh29, complete genome.	82.2	0.1
OL870316 Escherichia phage UTI-E2, complete genome.	82.2	0.1
MZ726795 Escherichia phage vB_EcoM_ASO78A, complete genome.	82.2	0.1
OK274152 Escherichia phage APTC-EC-2A, complete genome.	82.2	0.1
MN508616 Escherichia phage ES19, complete genome.	82.2	0.1
MN508617 UNVERIFIED: Escherichia phage ES21, complete genome.	82.2	0.1
MZ501113 Escherichia phage WilhelmHis strain Bas35, complete genome.	82.2	0.1
MT515752 Yersinia phage PYps15T, complete genome.	82.2	0.1
MT526905 Yersinia phage PYps14T, complete genome.	82.2	0.1
OP870144 Escherichia phage vB_Eco_F25, complete genome.	82.2	0.1
MT515754 Yersinia phage PYps35T, complete genome.	82.2	0.1
MZ753803 Escherichia phage U115, complete genome.	82.2	0.1
NC_055724 Yersinia phage fPS-65 genome assembly, chromosome: I.	82.2	0.1
LR215724 Yersinia phage fPS-65 genome assembly, chromosome: I.	82.2	0.1
MG781191 Escherichia phage vB_EcoM-fHoEco02, complete genome.	82.2	0.1
OP172787 Escherichia phage ECO07P4, complete genome.	82.2	0.1
MG781190 Escherichia phage vB_EcoM-fFiEco06, complete genome.	82.2	0.1
NC_054914 Escherichia phage vB_EcoM-fFiEco06, complete genome.	82.2	0.1
LR597660 Escherichia phage T4_ev151 genome assembly, chromosome: 1.	82.2	0.1
OL656107 Salmonella phage UAB_60, complete genome.	82.2	0.1
MT682710 Escherichia phage vB_EcoM_FT, complete genome.	82.2	0.1
MN022785 Escherichia phage VEc20, complete genome.	82.2	0.1
OP172788 Escherichia phage ECO07P5, complete genome.	82.2	0.1
MT515756 Yersinia phage PYps55T, complete genome.	82.2	0.1
OL741432 Proteus phage Isf-Pm2, complete genome.	82.2	0.1
MZ501096 Escherichia phage Paracelsus strain Bas36, complete genome.	82.2	0.1
OP978391 Escherichia phage HP3.2, complete genome.	82.2	0.1
MZ501089 Escherichia phage KarlGJung strain Bas37, complete genome.	82.2	0.1
OM386666 Escherichia phage vB_EcoM_ESCO58, complete genome.	82.2	0.1
LC465543 Shigella phage SfPhi01 DNA, complete sequence.	82.2	0.1
MK327929 Escherichia phage D5505, complete genome.	82.2	0.1
NC_054928 Escherichia phage vB_vPM_PD112, complete genome.	82.2	0.1
MH837626 Escherichia phage vB_vPM_PD112, complete genome.	82.2	0.1
OK275722 Escherichia phage HP3.1, complete genome.	82.2	0.1
MK327940 Escherichia phage vB_EcoM_G29, complete genome.	82.2	0.1
MK327945 Escherichia phage vB_EcoM_G4500, complete genome.	82.2	0.1
MT682712 Escherichia phage vB_EcoM_F1, complete genome.	82.2	0.1
NC_054912 Escherichia phage vB_EcoM_F1, complete genome.	82.2	0.1
MZ170041 Escherichia phage vB_EcoM_FN, complete genome.	82.2	0.1
MF001360 Escherichia phage ECO4, partial genome.	82.2	0.1
NC_054911 Escherichia phage ECO4, partial genome.	82.2	0.1
NC_054943 Yersinia phage fPS-2 genome assembly, chromosome: I.	82.2	0.1
LR215722 Yersinia phage fPS-2 genome assembly, chromosome: I.	82.2	0.1
OL870317 Escherichia phage UTI-E4, complete genome.	82.2	0.1
LR877332 Shigella phage vB_SsoM_JK08 genome assembly, chromosome: 1.	82.2	0.1
MT828551 Yersinia phage PYPS2T, complete genome.	82.2	0.1
MT515751 Yersinia phage PYps11T, complete genome.	82.2	0.1
MT828553 Yersinia phage PYps10T, complete genome.	82.2	0.1
MH809535 Yersinia phage PYPS2T, complete genome.	82.2	0.1
NC_054944 Yersinia phage PYPS2T, complete genome.	82.2	0.1
NC_054915 Escherichia phage vB_EcoM_G8, complete genome.	82.2	0.1
MK373787 Escherichia phage vB_EcoM_G8, complete genome.	82.2	0.1
MF001354 Salmonella phage SG1, partial genome.	82.2	0.1
NC_054936 Salmonella phage SG1, partial genome.	82.2	0.1
MZ501098 Escherichia phage PaulHMueller strain Bas45, complete genome.	82.2	0.1
MZ170040 Escherichia phage vB_EcoM_FJ1, complete genome.	82.2	0.1
MT764206 Escherichia phage JEP6, complete genome.	82.2	0.1
NC_054937 Salmonella phage pSe_SNUABM_01, complete genome.	82.2	0.1
MN580668 Salmonella phage pSe_SNUABM_01, complete genome.	82.2	0.1
OP870145 Escherichia phage vB_Eco_F26, complete genome.	82.2	0.1
KU873925 Pseudomonas phage pf16, complete genome.	85.7	0.1
NC_041881 Pseudomonas phage pf16, complete genome.	85.7	0.1
MF001359 Escherichia phage EC121, partial genome.	81.9	0.1
NC_054909 Escherichia phage EC121, partial genome.	81.9	0.1
MG592590 Vibrio phage 1.223.O._10N.261.48.A9, partial genome.	74.7	0.1
MK373779 Escherichia phage vB_EcoM_G9062, complete genome.	80.6	0.1
NC_054920 Escherichia phage vB_EcoM_G9062, complete genome.	80.6	0.1
MW117966 Synechococcus phage S-H9-1, complete genome.	76.6	0.1
MT002875 Pseudoalteromonas phage AL, complete genome.	75.0	0.1
KY379511 Pseudoalteromonas phage PHS21, complete genome.	75.0	0.1
MZ398240 Stenotrophomonas phage BUCT627, complete genome.	72.7	0.2
MG592462 Vibrio phage 1.087.A._10N.261.45.F9, partial genome.	74.4	0.1
