vB_VpP_AC2	ON864052	100.000	0.226
vB_VpP_AC2	ON864052	100.000	0.226
vB_VpP_AC2	ON864052	100.000	0.226
vB_VpP_AC2	ON864052	100.000	0.226
vB_VpP_AC2	MZ020222	96.200	0.190
vB_VpP_AC2	MZ516827	94.800	0.189
vB_VpP_AC2	ON872379	96.000	0.172
vB_VpP_AC2	OP117450	96.400	0.169
vB_VpP_AC2	ON080940	93.900	0.182
vB_VpP_AC2	MZ020222	92.500	0.188
vB_VpP_AC2	NC_048035	93.600	0.181
vB_VpP_AC2	MF754111	93.600	0.181
vB_VpP_AC2	MZ182247	92.500	0.182
vB_VpP_AC2	OP117450	93.200	0.173
vB_VpP_AC2	MZ020222	93.100	0.172
vB_VpP_AC2	ON080941	97.300	0.151
vB_VpP_AC2	ON872379	96.500	0.151
vB_VpP_AC2	OM362522	93.800	0.163
vB_VpP_AC2	MW250641	93.300	0.163
vB_VpP_AC2	ON080941	94.300	0.151
vB_VpP_AC2	OM799543	97.300	0.137
vB_VpP_AC2	OK585158	96.400	0.140
vB_VpP_AC2	OK585160	96.100	0.140
vB_VpP_AC2	OK585159	96.100	0.140
vB_VpP_AC2	OM362522	95.900	0.139
vB_VpP_AC2	MZ516827	96.300	0.136
vB_VpP_AC2	OK349506	97.400	0.132
vB_VpP_AC2	NC_048036	96.800	0.133
vB_VpP_AC2	MF754112	96.800	0.133
vB_VpP_AC2	MW250641	95.100	0.138
vB_VpP_AC2	NC_048036	92.300	0.149
vB_VpP_AC2	MF754112	92.300	0.149
vB_VpP_AC2	MZ592921	94.600	0.139
vB_VpP_AC2	ON872379	91.800	0.151
vB_VpP_AC2	ON457556	88.000	0.170
vB_VpP_AC2	MT501516	96.600	0.129
vB_VpP_AC2	ON080940	97.500	0.125
vB_VpP_AC2	MW331544	97.500	0.125
vB_VpP_AC2	LR794124	97.400	0.125
vB_VpP_AC2	OK349506	95.400	0.132
vB_VpP_AC2	OM799543	91.800	0.138
vB_VpP_AC2	OP117450	93.400	0.131
vB_VpP_AC2	ON457557	91.800	0.137
vB_VpP_AC2	ON457556	91.800	0.137
vB_VpP_AC2	NC_048167	92.200	0.134
vB_VpP_AC2	MN974282	92.200	0.134
vB_VpP_AC2	MK474470	92.200	0.134
vB_VpP_AC2	NC_012662	95.400	0.122
vB_VpP_AC2	FJ896200	95.400	0.122
vB_VpP_AC2	ON080940	92.600	0.131
vB_VpP_AC2	MW250641	90.600	0.138
vB_VpP_AC2	OM362522	90.600	0.137
vB_VpP_AC2	ON457555	92.200	0.130
vB_VpP_AC2	NC_012662	96.100	0.115
vB_VpP_AC2	FJ896200	96.100	0.115
vB_VpP_AC2	ON457556	89.200	0.141
vB_VpP_AC2	LR794124	93.100	0.125
vB_VpP_AC2	MW331544	93.100	0.125
vB_VpP_AC2	OK585158	96.400	0.111
vB_VpP_AC2	ON457554	92.000	0.126
vB_VpP_AC2	MT178448	94.600	0.116
vB_VpP_AC2	OK585160	95.400	0.111
vB_VpP_AC2	OK585159	95.400	0.111
vB_VpP_AC2	NC_048036	95.200	0.111
vB_VpP_AC2	MF754112	95.200	0.111
vB_VpP_AC2	OK585158	97.700	0.102
vB_VpP_AC2	OK349506	96.300	0.106
vB_VpP_AC2	ON864052	100.000	0.096
vB_VpP_AC2	OK585159	97.500	0.102
vB_VpP_AC2	OK585160	97.500	0.102
vB_VpP_AC2	MT178448	94.200	0.110
vB_VpP_AC2	ON457557	87.100	0.139
vB_VpP_AC2	NC_048036	91.800	0.114
vB_VpP_AC2	MF754112	91.800	0.114
vB_VpP_AC2	OM799543	93.600	0.108
vB_VpP_AC2	MT501516	97.500	0.097
vB_VpP_AC2	NC_048167	86.800	0.135
vB_VpP_AC2	MN974282	86.800	0.135
vB_VpP_AC2	MK474470	86.800	0.135
vB_VpP_AC2	LR794124	95.600	0.101
vB_VpP_AC2	MW331544	95.600	0.101
vB_VpP_AC2	LR794124	95.900	0.100
vB_VpP_AC2	MW331544	95.900	0.100
vB_VpP_AC2	NC_012662	95.600	0.100
vB_VpP_AC2	FJ896200	95.600	0.100
vB_VpP_AC2	ON457555	87.100	0.130
vB_VpP_AC2	MT501516	98.300	0.092
vB_VpP_AC2	NC_012662	98.200	0.092
vB_VpP_AC2	FJ896200	98.200	0.092
vB_VpP_AC2	OK585160	90.900	0.114
vB_VpP_AC2	OK585159	90.900	0.114
vB_VpP_AC2	OK349506	98.200	0.092
vB_VpP_AC2	LR794124	98.200	0.092
vB_VpP_AC2	MW331544	98.200	0.092
vB_VpP_AC2	NC_012662	96.100	0.096
vB_VpP_AC2	FJ896200	96.100	0.096
vB_VpP_AC2	MW331544	94.700	0.100
vB_VpP_AC2	LR794124	94.700	0.100
vB_VpP_AC2	MZ516827	97.700	0.092
vB_VpP_AC2	NC_048035	97.400	0.092
vB_VpP_AC2	MF754111	97.400	0.092
vB_VpP_AC2	ON080940	97.200	0.092
vB_VpP_AC2	ON457557	90.800	0.111
vB_VpP_AC2	ON457556	90.800	0.111
vB_VpP_AC2	MZ182247	96.700	0.093
vB_VpP_AC2	ON457554	90.700	0.111
vB_VpP_AC2	OK349506	93.900	0.100
vB_VpP_AC2	ON457554	86.800	0.126
vB_VpP_AC2	NC_048167	90.900	0.109
vB_VpP_AC2	MN974282	90.900	0.109
vB_VpP_AC2	MK474470	90.900	0.109
vB_VpP_AC2	OK349506	95.700	0.094
vB_VpP_AC2	MZ592921	96.500	0.092
vB_VpP_AC2	ON080941	94.400	0.096
vB_VpP_AC2	ON457554	90.400	0.109
vB_VpP_AC2	OM799543	95.400	0.093
vB_VpP_AC2	ON457554	92.900	0.100
vB_VpP_AC2	ON457557	90.000	0.109
vB_VpP_AC2	OM799543	97.400	0.087
vB_VpP_AC2	NC_048167	91.700	0.103
vB_VpP_AC2	MN974282	91.700	0.103
vB_VpP_AC2	MK474470	91.700	0.103
vB_VpP_AC2	MT178448	95.500	0.092
vB_VpP_AC2	OK585158	93.500	0.096
vB_VpP_AC2	MT501516	93.400	0.096
vB_VpP_AC2	MT501516	93.100	0.097
vB_VpP_AC2	OM799543	96.400	0.088
vB_VpP_AC2	MZ182247	94.400	0.093
vB_VpP_AC2	OK585160	92.700	0.096
vB_VpP_AC2	OK585159	92.700	0.096
vB_VpP_AC2	NC_048035	94.700	0.091
vB_VpP_AC2	MF754111	94.700	0.091
vB_VpP_AC2	MZ592921	96.000	0.087
vB_VpP_AC2	MT178448	88.400	0.110
vB_VpP_AC2	ON457555	92.800	0.095
vB_VpP_AC2	NC_012662	92.300	0.096
vB_VpP_AC2	FJ896200	92.300	0.096
vB_VpP_AC2	ON457555	90.600	0.102
vB_VpP_AC2	ON457555	90.200	0.100
vB_VpP_AC2	OK585158	94.600	0.086
vB_VpP_AC2	ON457555	92.300	0.092
vB_VpP_AC2	NC_048167	92.600	0.091
vB_VpP_AC2	MN974282	92.600	0.091
vB_VpP_AC2	MK474470	92.600	0.091
vB_VpP_AC2	OM362522	90.600	0.096
vB_VpP_AC2	ON872379	93.800	0.088
vB_VpP_AC2	OK585158	94.600	0.085
vB_VpP_AC2	OK585160	94.300	0.086
vB_VpP_AC2	OK585159	94.300	0.086
vB_VpP_AC2	NC_048167	92.400	0.091
vB_VpP_AC2	MN974282	92.400	0.091
vB_VpP_AC2	MK474470	92.400	0.091
vB_VpP_AC2	MW250641	93.700	0.088
vB_VpP_AC2	NC_048036	90.100	0.096
vB_VpP_AC2	MF754112	90.100	0.096
vB_VpP_AC2	NC_048035	93.000	0.088
vB_VpP_AC2	MF754111	93.000	0.088
vB_VpP_AC2	LR794124	89.500	0.096
vB_VpP_AC2	MW331544	89.500	0.096
vB_VpP_AC2	ON457557	92.600	0.087
vB_VpP_AC2	NC_048036	96.500	0.077
vB_VpP_AC2	MF754112	96.500	0.077
vB_VpP_AC2	NC_048036	96.400	0.077
vB_VpP_AC2	MF754112	96.400	0.077
vB_VpP_AC2	OK349506	88.500	0.096
vB_VpP_AC2	MT178448	92.400	0.085
vB_VpP_AC2	OK585160	97.800	0.073
vB_VpP_AC2	OK585159	97.800	0.073
vB_VpP_AC2	ON080941	96.300	0.075
vB_VpP_AC2	ON872379	96.100	0.073
vB_VpP_AC2	MT501516	95.800	0.073
vB_VpP_AC2	OM799543	95.300	0.076
vB_VpP_AC2	MT501516	97.100	0.072
vB_VpP_AC2	NC_048036	94.900	0.076
vB_VpP_AC2	MF754112	94.900	0.076
vB_VpP_AC2	MZ182247	90.000	0.088
vB_VpP_AC2	MT501516	94.400	0.076
vB_VpP_AC2	MZ020222	88.800	0.090
vB_VpP_AC2	MZ592921	89.700	0.087
vB_VpP_AC2	MW331544	92.500	0.079
vB_VpP_AC2	LR794124	92.400	0.079
vB_VpP_AC2	MT178448	88.400	0.090
vB_VpP_AC2	OM799543	88.300	0.090
vB_VpP_AC2	OP117450	88.900	0.088
vB_VpP_AC2	ON457557	92.900	0.077
vB_VpP_AC2	OM362522	93.700	0.075
vB_VpP_AC2	ON872379	93.800	0.075
vB_VpP_AC2	OK585158	97.000	0.067
vB_VpP_AC2	MT178448	91.000	0.078
vB_VpP_AC2	ON457555	85.100	0.096
vB_VpP_AC2	ON457554	85.100	0.096
vB_VpP_AC2	ON457557	84.300	0.096
vB_VpP_AC2	MZ592921	86.100	0.087
vB_VpP_AC2	NC_048167	85.300	0.088
vB_VpP_AC2	MN974282	85.300	0.088
vB_VpP_AC2	MK474470	85.300	0.088
vB_VpP_AC2	OK585160	96.800	0.061
vB_VpP_AC2	OK585159	96.800	0.061
vB_VpP_AC2	ON080941	87.200	0.080
vB_VpP_AC2	ON457554	94.300	0.062
vB_VpP_AC2	ON457556	84.700	0.086
vB_VpP_AC2	OM362522	88.700	0.073
vB_VpP_AC2	ON457557	87.700	0.076
vB_VpP_AC2	ON457556	87.700	0.076
vB_VpP_AC2	ON457554	87.600	0.076
vB_VpP_AC2	MZ592921	88.600	0.070
vB_VpP_AC2	MZ592921	92.500	0.062
vB_VpP_AC2	NC_012662	92.700	0.059
vB_VpP_AC2	FJ896200	92.700	0.059
vB_VpP_AC2	ON080941	94.900	0.056
vB_VpP_AC2	MZ592921	94.100	0.057
vB_VpP_AC2	MT501516	95.900	0.053
vB_VpP_AC2	ON080941	96.000	0.053
vB_VpP_AC2	NC_048035	95.800	0.053
vB_VpP_AC2	MF754111	95.800	0.053
vB_VpP_AC2	OM362522	96.800	0.051
vB_VpP_AC2	OK585158	95.200	0.053
vB_VpP_AC2	NC_048035	90.700	0.061
vB_VpP_AC2	MF754111	90.700	0.061
vB_VpP_AC2	MZ592921	96.700	0.050
vB_VpP_AC2	MW250641	96.500	0.050
vB_VpP_AC2	MZ020222	94.400	0.053
vB_VpP_AC2	ON872379	94.400	0.053
vB_VpP_AC2	ON457556	92.800	0.055
vB_VpP_AC2	MW250641	94.100	0.053
vB_VpP_AC2	OP117450	92.100	0.057
vB_VpP_AC2	MT178448	87.700	0.064
vB_VpP_AC2	ON872379	95.800	0.049
vB_VpP_AC2	OP117450	95.500	0.048
vB_VpP_AC2	NC_048035	95.500	0.045
vB_VpP_AC2	MF754111	95.500	0.045
vB_VpP_AC2	NC_048035	94.800	0.045
vB_VpP_AC2	MF754111	94.800	0.045
vB_VpP_AC2	ON080940	95.000	0.044
vB_VpP_AC2	MZ182247	94.400	0.044
vB_VpP_AC2	OM362522	96.800	0.041
vB_VpP_AC2	OP117450	96.600	0.041
vB_VpP_AC2	ON080940	93.600	0.044
vB_VpP_AC2	MW250641	96.200	0.041
vB_VpP_AC2	MT501516	95.800	0.040
vB_VpP_AC2	MZ516827	94.100	0.042
vB_VpP_AC2	ON080941	97.700	0.038
vB_VpP_AC2	OP117450	94.500	0.041
vB_VpP_AC2	MZ182247	91.900	0.044
vB_VpP_AC2	ON080941	97.200	0.037
vB_VpP_AC2	ON872379	92.600	0.043
vB_VpP_AC2	ON872379	97.000	0.037
vB_VpP_AC2	OM362522	89.800	0.046
vB_VpP_AC2	MZ020222	97.800	0.036
vB_VpP_AC2	MZ516827	96.000	0.037
vB_VpP_AC2	MZ516827	96.100	0.037
vB_VpP_AC2	NC_048167	86.000	0.050
vB_VpP_AC2	MN974282	86.000	0.050
vB_VpP_AC2	MK474470	86.000	0.050
vB_VpP_AC2	MW250641	87.600	0.046
vB_VpP_AC2	OP117450	89.900	0.042
vB_VpP_AC2	MT178448	90.900	0.039
vB_VpP_AC2	OM362522	89.400	0.041
vB_VpP_AC2	ON457556	91.500	0.038
vB_VpP_AC2	MW250641	88.900	0.041
vB_VpP_AC2	ON457556	89.100	0.040
vB_VpP_AC2	MZ516827	90.900	0.036
vB_VpP_AC2	MZ020222	91.100	0.036
vB_VpP_AC2	NC_048035	90.300	0.035
vB_VpP_AC2	MF754111	90.300	0.035
vB_VpP_AC2	MZ182247	87.800	0.038
vB_VpP_AC2	LR794124	93.000	0.030
vB_VpP_AC2	MW331544	93.000	0.030
vB_VpP_AC2	OK349506	93.000	0.030
vB_VpP_AC2	MT178448	95.900	0.027
vB_VpP_AC2	NC_048167	90.200	0.030
vB_VpP_AC2	MN974282	90.200	0.030
vB_VpP_AC2	MK474470	90.200	0.030
vB_VpP_AC2	NC_012662	90.200	0.030
vB_VpP_AC2	FJ896200	90.200	0.030
vB_VpP_AC2	MZ182247	92.000	0.029
vB_VpP_AC2	LR794124	83.800	0.036
vB_VpP_AC2	MW331544	83.700	0.036
vB_VpP_AC2	ON457557	84.700	0.036
vB_VpP_AC2	ON457554	82.900	0.036
vB_VpP_AC2	ON457555	88.500	0.030
vB_VpP_AC2	MZ516827	88.300	0.030
vB_VpP_AC2	OM799543	95.200	0.023
vB_VpP_AC2	NC_048035	98.300	0.020
vB_VpP_AC2	MF754111	98.300	0.020
vB_VpP_AC2	OM799543	92.200	0.022
vB_VpP_AC2	ON080940	97.900	0.019
vB_VpP_AC2	OK585158	98.000	0.019
vB_VpP_AC2	OK585160	90.800	0.023
vB_VpP_AC2	OK585159	90.800	0.023
vB_VpP_AC2	MZ182247	97.100	0.019
vB_VpP_AC2	NC_012662	97.100	0.019
vB_VpP_AC2	FJ896200	97.100	0.019
vB_VpP_AC2	ON080941	98.100	0.018
vB_VpP_AC2	OK349506	90.000	0.022
vB_VpP_AC2	OP117450	93.900	0.019
vB_VpP_AC2	ON457555	88.500	0.021
vB_VpP_AC2	ON457557	87.000	0.022
vB_VpP_AC2	OK349506	91.800	0.018
vB_VpP_AC2	ON457554	86.500	0.022
vB_VpP_AC2	NC_048167	90.900	0.018
vB_VpP_AC2	MN974282	90.900	0.018
vB_VpP_AC2	MK474470	90.900	0.018
vB_VpP_AC2	ON457555	90.400	0.018
vB_VpP_AC2	NC_012662	90.200	0.018
vB_VpP_AC2	FJ896200	90.200	0.018
vB_VpP_AC2	MZ020222	96.700	0.015
vB_VpP_AC2	MZ592921	92.800	0.017
vB_VpP_AC2	OK585158	93.100	0.016
vB_VpP_AC2	OK585160	96.900	0.014
vB_VpP_AC2	OK585159	96.900	0.014
vB_VpP_AC2	MW250641	85.800	0.018
vB_VpP_AC2	MZ516827	96.700	0.012
vB_VpP_AC2	MZ020222	96.100	0.010
vB_VpP_AC2	MZ516827	92.900	0.011
vB_VpP_AC2	MZ182247	92.900	0.011
vB_VpP_AC2	FR687252	72.900	0.021
vB_VpP_AC2	NC_019454	72.900	0.021
vB_VpP_AC2	MW590329	73.900	0.020
vB_VpP_AC2	KX587949	73.700	0.020
vB_VpP_AC2	NC_047857	73.700	0.020
vB_VpP_AC2	NC_048174	72.500	0.022
vB_VpP_AC2	MK562503	72.500	0.022
vB_VpP_AC2	NC_027980	72.900	0.021
vB_VpP_AC2	JQ267518	72.900	0.021
vB_VpP_AC2	MT197175	73.500	0.020
vB_VpP_AC2	NC_047783	73.300	0.020
vB_VpP_AC2	KX237514	73.300	0.020
vB_VpP_AC2	ON755175	73.200	0.020
vB_VpP_AC2	OM513679	72.900	0.021
vB_VpP_AC2	OM513680	72.900	0.021
vB_VpP_AC2	KY385423	72.800	0.020
vB_VpP_AC2	NC_047811	72.800	0.020
vB_VpP_AC2	MT197176	72.800	0.020
vB_VpP_AC2	OK562429	72.500	0.020
vB_VpP_AC2	MT559527	72.300	0.020
vB_VpP_AC2	MT701589	72.200	0.020
vB_VpP_AC2	MT360680	72.300	0.020
vB_VpP_AC2	MT939252	72.600	0.019
vB_VpP_AC2	KX856662	71.100	0.022
vB_VpP_AC2	NC_047779	71.100	0.022
vB_VpP_AC2	NC_048036	95.800	0.007
vB_VpP_AC2	MF754112	95.800	0.007
vB_VpP_AC2	MZ333135	76.400	0.014
vB_VpP_AC2	ON457556	80.700	0.011
vB_VpP_AC2	ON602726	75.600	0.014
vB_VpP_AC2	ON602762	75.300	0.014
vB_VpP_AC2	ON602754	80.700	0.010
vB_VpP_AC2	ON602756	75.300	0.014
vB_VpP_AC2	ON602757	75.300	0.014
vB_VpP_AC2	ON132389	75.000	0.014
vB_VpP_AC2	NC_048172	80.400	0.010
vB_VpP_AC2	MK598851	80.400	0.010
vB_VpP_AC2	ON146449	75.000	0.014
vB_VpP_AC2	MN176572	79.000	0.011
vB_VpP_AC2	MT090077	75.700	0.013
vB_VpP_AC2	NC_047787	74.700	0.014
vB_VpP_AC2	KY000081	74.700	0.014
vB_VpP_AC2	MN101220	80.300	0.010
vB_VpP_AC2	ON602743	80.200	0.010
vB_VpP_AC2	OM864357	80.500	0.010
vB_VpP_AC2	MT559526	80.000	0.010
vB_VpP_AC2	MN101219	78.800	0.011
vB_VpP_AC2	MN101217	78.800	0.011
vB_VpP_AC2	NC_047929	78.900	0.011
vB_VpP_AC2	KY684082	78.900	0.011
vB_VpP_AC2	MN176573	74.700	0.014
vB_VpP_AC2	MZ602146	79.800	0.010
vB_VpP_AC2	ON602724	79.800	0.010
vB_VpP_AC2	OU509533	79.800	0.010
vB_VpP_AC2	NC_025418	79.800	0.010
vB_VpP_AC2	AB716666	79.800	0.010
vB_VpP_AC2	NC_048172	74.300	0.014
vB_VpP_AC2	MK598851	74.300	0.014
vB_VpP_AC2	ON146449	78.900	0.011
vB_VpP_AC2	MZ571827	74.500	0.014
vB_VpP_AC2	OL474125	68.400	0.026
vB_VpP_AC2	ON602752	78.300	0.011
vB_VpP_AC2	KX856662	74.300	0.014
vB_VpP_AC2	NC_047779	74.300	0.014
vB_VpP_AC2	OX335379	74.300	0.014
vB_VpP_AC2	KU666550	79.500	0.010
vB_VpP_AC2	NC_031246	79.500	0.010
vB_VpP_AC2	ON602728	79.600	0.010
vB_VpP_AC2	NC_028870	78.700	0.011
vB_VpP_AC2	KP708986	78.700	0.011
vB_VpP_AC2	MZ571827	79.600	0.010
vB_VpP_AC2	MK693005	79.600	0.010
vB_VpP_AC2	ON602723	79.600	0.010
vB_VpP_AC2	OU509534	79.600	0.010
vB_VpP_AC2	MT090077	79.600	0.010
vB_VpP_AC2	MZ208805	79.600	0.010
vB_VpP_AC2	MZ602146	68.000	0.026
vB_VpP_AC2	MN794002	79.500	0.010
vB_VpP_AC2	NC_023567	78.700	0.011
vB_VpP_AC2	KF765493	78.700	0.011
vB_VpP_AC2	OP413829	79.500	0.010
vB_VpP_AC2	ON602748	74.100	0.014
vB_VpP_AC2	NC_047787	79.500	0.010
vB_VpP_AC2	KY000081	79.500	0.010
vB_VpP_AC2	ON602767	79.300	0.010
vB_VpP_AC2	OP114731	79.300	0.010
vB_VpP_AC2	MT197176	79.300	0.010
vB_VpP_AC2	MN794003	79.300	0.010
vB_VpP_AC2	OK562429	79.300	0.010
vB_VpP_AC2	KY385423	67.900	0.026
vB_VpP_AC2	NC_047811	67.900	0.026
vB_VpP_AC2	OU509534	74.000	0.014
vB_VpP_AC2	ON602739	79.300	0.010
vB_VpP_AC2	MT559527	79.300	0.010
vB_VpP_AC2	OL362278	79.300	0.010
vB_VpP_AC2	OP852425	74.000	0.014
vB_VpP_AC2	MT701589	78.000	0.011
vB_VpP_AC2	OL362279	79.100	0.010
vB_VpP_AC2	OX335428	79.100	0.010
vB_VpP_AC2	OX335379	79.100	0.010
vB_VpP_AC2	KT367886	79.100	0.010
vB_VpP_AC2	NC_028664	79.100	0.010
vB_VpP_AC2	ON809559	79.100	0.010
vB_VpP_AC2	ON132389	79.100	0.010
vB_VpP_AC2	ON809559	74.000	0.014
vB_VpP_AC2	NC_028670	79.100	0.010
vB_VpP_AC2	KT964103	79.100	0.010
vB_VpP_AC2	MT197175	79.100	0.010
vB_VpP_AC2	ON602739	74.000	0.014
vB_VpP_AC2	MW590329	78.800	0.010
vB_VpP_AC2	MZ634338	77.800	0.011
vB_VpP_AC2	MZ634339	77.800	0.011
vB_VpP_AC2	MZ634343	77.800	0.011
vB_VpP_AC2	MZ634342	77.800	0.011
vB_VpP_AC2	ON602756	78.900	0.010
vB_VpP_AC2	ON602725	78.900	0.010
vB_VpP_AC2	MK135468	78.900	0.010
vB_VpP_AC2	ON602757	78.900	0.010
vB_VpP_AC2	ON602754	74.200	0.014
vB_VpP_AC2	ON602726	78.900	0.010
vB_VpP_AC2	ON602740	78.000	0.011
vB_VpP_AC2	MZ424864	78.000	0.011
vB_VpP_AC2	OP441381	78.800	0.010
vB_VpP_AC2	ON602762	78.700	0.010
vB_VpP_AC2	MN380459	78.700	0.010
vB_VpP_AC2	ON602743	68.700	0.024
vB_VpP_AC2	NC_047849	78.600	0.010
vB_VpP_AC2	MF612071	78.600	0.010
vB_VpP_AC2	OX335428	68.300	0.024
vB_VpP_AC2	MN116494	78.600	0.010
vB_VpP_AC2	KX587949	78.600	0.010
vB_VpP_AC2	NC_047857	78.600	0.010
vB_VpP_AC2	ON602740	73.500	0.014
vB_VpP_AC2	OL979479	73.700	0.014
vB_VpP_AC2	OK583893	77.400	0.011
vB_VpP_AC2	NC_047748	77.400	0.011
vB_VpP_AC2	KM576124	77.400	0.011
vB_VpP_AC2	MN794000	77.700	0.011
vB_VpP_AC2	ON602732	77.500	0.011
vB_VpP_AC2	GQ413938	77.700	0.011
vB_VpP_AC2	NC_013649	77.700	0.011
vB_VpP_AC2	MT939252	78.900	0.010
vB_VpP_AC2	NC_047944	78.400	0.010
vB_VpP_AC2	MG972768	78.400	0.010
vB_VpP_AC2	OP413829	73.400	0.014
vB_VpP_AC2	ON602727	77.600	0.011
vB_VpP_AC2	KT240186	69.700	0.020
vB_VpP_AC2	NC_047759	69.700	0.020
vB_VpP_AC2	ON602761	78.400	0.010
vB_VpP_AC2	NC_047783	77.600	0.011
vB_VpP_AC2	KX237514	77.600	0.011
vB_VpP_AC2	OP114731	68.700	0.024
vB_VpP_AC2	MZ634342	73.300	0.014
vB_VpP_AC2	KY385423	78.800	0.010
vB_VpP_AC2	NC_047811	78.800	0.010
vB_VpP_AC2	OL979478	78.200	0.010
vB_VpP_AC2	OL979479	78.200	0.010
vB_VpP_AC2	ON755175	78.200	0.010
vB_VpP_AC2	OM513680	69.000	0.022
vB_VpP_AC2	ON165415	78.200	0.010
vB_VpP_AC2	OL976437	78.200	0.010
vB_VpP_AC2	ON602725	73.700	0.014
vB_VpP_AC2	MN794001	77.500	0.011
vB_VpP_AC2	OP852425	78.200	0.010
vB_VpP_AC2	MK135468	73.200	0.014
vB_VpP_AC2	MZ634343	73.200	0.014
vB_VpP_AC2	KX211991	78.000	0.010
vB_VpP_AC2	NC_031025	78.000	0.010
vB_VpP_AC2	OL474125	78.000	0.010
vB_VpP_AC2	OK583892	78.400	0.010
vB_VpP_AC2	NC_028816	78.000	0.010
vB_VpP_AC2	KP708985	78.000	0.010
vB_VpP_AC2	MN176573	77.800	0.010
vB_VpP_AC2	MT682065	77.700	0.010
vB_VpP_AC2	MZ634340	79.000	0.010
vB_VpP_AC2	MT701589	68.000	0.024
vB_VpP_AC2	OU509533	68.700	0.021
vB_VpP_AC2	MZ333135	68.800	0.022
vB_VpP_AC2	MZ634340	72.700	0.014
vB_VpP_AC2	NC_027342	74.200	0.011
vB_VpP_AC2	KF319020	74.200	0.011
vB_VpP_AC2	MT259468	72.600	0.013
vB_VpP_AC2	MK693005	74.400	0.011
vB_VpP_AC2	NC_027363	73.800	0.011
vB_VpP_AC2	KM819694	73.800	0.011
vB_VpP_AC2	OM513679	71.800	0.013
vB_VpP_AC2	OM513680	71.800	0.013
vB_VpP_AC2	ON602748	77.900	0.008
vB_VpP_AC2	ON755175	70.000	0.015
vB_VpP_AC2	NC_028816	70.500	0.014
vB_VpP_AC2	KP708985	70.500	0.014
vB_VpP_AC2	NC_048174	74.200	0.011
vB_VpP_AC2	MK562503	74.200	0.011
vB_VpP_AC2	NC_025418	68.700	0.017
vB_VpP_AC2	AB716666	68.700	0.017
vB_VpP_AC2	MZ020222	96.000	0.004
vB_VpP_AC2	NC_048036	96.000	0.004
vB_VpP_AC2	MF754112	96.000	0.004
vB_VpP_AC2	MG575418	73.200	0.011
vB_VpP_AC2	KU666550	70.100	0.014
vB_VpP_AC2	NC_031246	70.100	0.014
vB_VpP_AC2	NC_028670	70.100	0.014
vB_VpP_AC2	KT964103	70.100	0.014
vB_VpP_AC2	MG575419	73.000	0.011
vB_VpP_AC2	MT197176	71.700	0.012
vB_VpP_AC2	MT090077	69.900	0.014
vB_VpP_AC2	FR687252	73.700	0.010
vB_VpP_AC2	NC_019454	73.700	0.010
vB_VpP_AC2	OL416096	72.600	0.011
vB_VpP_AC2	NC_023567	68.900	0.015
vB_VpP_AC2	KF765493	68.900	0.015
vB_VpP_AC2	ON165415	69.500	0.014
vB_VpP_AC2	MG575418	68.400	0.019
vB_VpP_AC2	NC_028870	67.200	0.020
vB_VpP_AC2	KP708986	67.200	0.020
vB_VpP_AC2	OL979478	69.500	0.014
vB_VpP_AC2	OL976437	69.500	0.014
vB_VpP_AC2	OK562429	68.600	0.015
vB_VpP_AC2	KX211991	70.700	0.012
vB_VpP_AC2	NC_031025	70.700	0.012
vB_VpP_AC2	ON809559	68.600	0.015
vB_VpP_AC2	OM234793	71.800	0.011
vB_VpP_AC2	FR687252	69.300	0.015
vB_VpP_AC2	NC_019454	69.300	0.015
vB_VpP_AC2	NC_047783	69.200	0.014
vB_VpP_AC2	KX237514	69.200	0.014
vB_VpP_AC2	NC_048174	66.400	0.022
vB_VpP_AC2	MK562503	66.400	0.022
vB_VpP_AC2	MZ208805	70.500	0.012
vB_VpP_AC2	ON755175	67.800	0.017
vB_VpP_AC2	MZ333135	71.900	0.011
vB_VpP_AC2	OX335379	67.900	0.017
vB_VpP_AC2	MT939252	69.400	0.014
vB_VpP_AC2	OL362279	69.100	0.014
vB_VpP_AC2	KX856662	69.000	0.014
vB_VpP_AC2	NC_047779	69.000	0.014
vB_VpP_AC2	NC_048148	73.100	0.010
vB_VpP_AC2	MK387869	73.100	0.010
vB_VpP_AC2	MT197175	69.400	0.014
vB_VpP_AC2	MN812690	72.000	0.010
vB_VpP_AC2	ON602761	69.300	0.015
vB_VpP_AC2	MK095208	72.000	0.010
vB_VpP_AC2	MH807819	72.000	0.010
vB_VpP_AC2	KY953156	72.000	0.010
vB_VpP_AC2	NC_042131	72.000	0.010
vB_VpP_AC2	NC_031096	72.000	0.010
vB_VpP_AC2	KX278419	72.000	0.010
vB_VpP_AC2	KX587949	68.600	0.014
vB_VpP_AC2	NC_047857	68.600	0.014
vB_VpP_AC2	ON602739	67.800	0.015
vB_VpP_AC2	NC_048056	71.800	0.010
vB_VpP_AC2	MH807811	71.800	0.010
vB_VpP_AC2	NC_030923	73.900	0.008
vB_VpP_AC2	KU310944	73.900	0.008
vB_VpP_AC2	OL979479	67.700	0.015
vB_VpP_AC2	MT682065	70.000	0.012
vB_VpP_AC2	OL362278	68.400	0.014
vB_VpP_AC2	MZ333135	69.000	0.013
vB_VpP_AC2	MZ424864	67.900	0.015
vB_VpP_AC2	NC_047849	68.600	0.015
vB_VpP_AC2	MF612071	68.600	0.015
vB_VpP_AC2	OK583892	69.600	0.012
vB_VpP_AC2	OK583893	69.400	0.012
vB_VpP_AC2	MK135468	68.600	0.015
vB_VpP_AC2	MN101220	68.100	0.014
vB_VpP_AC2	MW590329	69.200	0.012
vB_VpP_AC2	MZ333135	67.300	0.015
vB_VpP_AC2	ON602724	68.000	0.014
vB_VpP_AC2	ON602756	66.400	0.019
vB_VpP_AC2	MN101219	68.100	0.014
vB_VpP_AC2	MN101217	68.100	0.014
vB_VpP_AC2	OU509534	67.600	0.015
vB_VpP_AC2	ON602757	68.000	0.015
vB_VpP_AC2	MT090077	68.600	0.012
vB_VpP_AC2	MN380459	68.100	0.014
vB_VpP_AC2	OM234793	66.500	0.018
vB_VpP_AC2	MN794002	68.500	0.013
vB_VpP_AC2	NC_023567	68.600	0.012
vB_VpP_AC2	KF765493	68.600	0.012
vB_VpP_AC2	MN794003	68.200	0.013
vB_VpP_AC2	MN176572	68.400	0.012
vB_VpP_AC2	MW590329	74.500	0.007
vB_VpP_AC2	MN497414	67.300	0.014
vB_VpP_AC2	OM864357	74.200	0.007
vB_VpP_AC2	MZ333135	72.000	0.008
vB_VpP_AC2	NC_047929	74.800	0.007
vB_VpP_AC2	KY684082	74.800	0.007
vB_VpP_AC2	OX335428	74.100	0.007
vB_VpP_AC2	NC_028870	74.100	0.007
vB_VpP_AC2	KP708986	74.100	0.007
vB_VpP_AC2	OU509533	74.100	0.007
vB_VpP_AC2	GQ413938	74.100	0.007
vB_VpP_AC2	NC_013649	74.100	0.007
vB_VpP_AC2	ON602767	74.100	0.007
vB_VpP_AC2	MT559526	69.000	0.012
vB_VpP_AC2	ON602761	74.000	0.007
vB_VpP_AC2	MT197176	74.100	0.007
vB_VpP_AC2	MT701589	74.100	0.007
vB_VpP_AC2	MZ602146	68.000	0.012
vB_VpP_AC2	MW358930	72.000	0.008
vB_VpP_AC2	MT360680	69.100	0.010
vB_VpP_AC2	KT367886	68.400	0.012
vB_VpP_AC2	NC_028664	68.400	0.012
vB_VpP_AC2	OX335428	67.800	0.012
vB_VpP_AC2	ON602767	71.300	0.008
vB_VpP_AC2	KT367886	74.000	0.007
vB_VpP_AC2	NC_028664	74.000	0.007
vB_VpP_AC2	OM513679	71.800	0.008
vB_VpP_AC2	OM513680	71.800	0.008
vB_VpP_AC2	ON602724	74.200	0.007
vB_VpP_AC2	MN794002	73.800	0.007
vB_VpP_AC2	MN794000	74.200	0.007
vB_VpP_AC2	OP441381	74.200	0.007
vB_VpP_AC2	MN794001	74.200	0.007
vB_VpP_AC2	OL979478	68.000	0.012
vB_VpP_AC2	OL976437	68.000	0.012
vB_VpP_AC2	MT682065	68.000	0.012
vB_VpP_AC2	KX856662	68.100	0.012
vB_VpP_AC2	NC_047779	68.100	0.012
vB_VpP_AC2	OL474125	68.100	0.012
vB_VpP_AC2	KX211991	74.000	0.007
vB_VpP_AC2	NC_031025	74.000	0.007
vB_VpP_AC2	OM513680	69.900	0.009
vB_VpP_AC2	MT682065	74.000	0.007
vB_VpP_AC2	ON602732	73.300	0.007
vB_VpP_AC2	ON602743	71.400	0.008
vB_VpP_AC2	NC_047748	69.700	0.011
vB_VpP_AC2	KM576124	69.700	0.011
vB_VpP_AC2	MN380459	73.500	0.007
vB_VpP_AC2	ON602727	68.500	0.012
vB_VpP_AC2	KX587949	73.500	0.007
vB_VpP_AC2	NC_047857	73.500	0.007
vB_VpP_AC2	KY385423	73.500	0.007
vB_VpP_AC2	NC_047811	73.500	0.007
vB_VpP_AC2	MT559527	73.500	0.007
vB_VpP_AC2	OP114731	68.300	0.012
vB_VpP_AC2	OU509534	73.500	0.007
vB_VpP_AC2	OK583892	73.600	0.007
vB_VpP_AC2	OK583892	67.800	0.012
vB_VpP_AC2	OK583893	73.600	0.007
vB_VpP_AC2	OK583893	67.800	0.012
vB_VpP_AC2	ON602723	67.600	0.012
vB_VpP_AC2	MZ634339	67.800	0.012
vB_VpP_AC2	MN794003	67.600	0.012
vB_VpP_AC2	NC_048148	71.000	0.008
vB_VpP_AC2	MK387869	71.000	0.008
vB_VpP_AC2	KX211991	67.600	0.012
vB_VpP_AC2	NC_031025	67.600	0.012
vB_VpP_AC2	ON602727	67.500	0.015
vB_VpP_AC2	MZ634338	73.400	0.007
vB_VpP_AC2	MZ634339	73.400	0.007
vB_VpP_AC2	MN176572	73.100	0.007
vB_VpP_AC2	OP114731	73.100	0.007
vB_VpP_AC2	NC_028670	67.800	0.012
vB_VpP_AC2	KT964103	67.800	0.012
vB_VpP_AC2	NC_047783	73.100	0.007
vB_VpP_AC2	KX237514	73.100	0.007
vB_VpP_AC2	MT197175	73.100	0.007
vB_VpP_AC2	OL362279	73.500	0.007
vB_VpP_AC2	MZ602146	73.500	0.007
vB_VpP_AC2	MW590329	68.100	0.011
vB_VpP_AC2	KU666550	73.300	0.007
vB_VpP_AC2	NC_031246	73.300	0.007
vB_VpP_AC2	ON602752	67.600	0.012
vB_VpP_AC2	ON602743	67.700	0.012
vB_VpP_AC2	MT939252	67.000	0.012
vB_VpP_AC2	OL416096	74.400	0.006
vB_VpP_AC2	MG575418	74.400	0.006
vB_VpP_AC2	OU509534	67.600	0.011
vB_VpP_AC2	OM513680	70.100	0.009
vB_VpP_AC2	KU666550	66.900	0.012
vB_VpP_AC2	NC_031246	66.900	0.012
vB_VpP_AC2	MN116494	72.800	0.007
vB_VpP_AC2	OL362278	72.800	0.007
vB_VpP_AC2	ON165415	67.300	0.012
vB_VpP_AC2	ON602727	73.200	0.007
vB_VpP_AC2	KT240186	67.200	0.012
vB_VpP_AC2	NC_047759	67.200	0.012
vB_VpP_AC2	MN794002	67.600	0.012
vB_VpP_AC2	ON602728	67.600	0.012
vB_VpP_AC2	NC_028816	67.500	0.012
vB_VpP_AC2	KP708985	67.500	0.012
vB_VpP_AC2	NC_025418	67.100	0.012
vB_VpP_AC2	AB716666	67.100	0.012
vB_VpP_AC2	NC_028670	72.900	0.007
vB_VpP_AC2	KT964103	72.900	0.007
vB_VpP_AC2	OP413829	72.500	0.007
vB_VpP_AC2	OU509533	67.700	0.012
vB_VpP_AC2	NC_027342	66.800	0.014
vB_VpP_AC2	KF319020	66.800	0.014
vB_VpP_AC2	OM513679	68.500	0.010
vB_VpP_AC2	NC_025418	72.500	0.007
vB_VpP_AC2	AB716666	72.500	0.007
vB_VpP_AC2	OK562429	72.900	0.007
vB_VpP_AC2	MW358930	72.700	0.006
vB_VpP_AC2	ON602752	67.200	0.015
vB_VpP_AC2	MN794000	67.600	0.012
vB_VpP_AC2	MN794001	67.600	0.012
vB_VpP_AC2	OL362279	66.900	0.012
vB_VpP_AC2	MN101219	69.700	0.008
vB_VpP_AC2	MN101217	69.700	0.008
vB_VpP_AC2	OM513679	69.600	0.009
vB_VpP_AC2	ON602728	72.100	0.007
vB_VpP_AC2	NC_047944	72.100	0.007
vB_VpP_AC2	MG972768	72.100	0.007
vB_VpP_AC2	MN176572	71.400	0.007
vB_VpP_AC2	ON602761	67.200	0.012
vB_VpP_AC2	MZ208805	66.400	0.012
vB_VpP_AC2	NC_047849	71.100	0.007
vB_VpP_AC2	MF612071	71.100	0.007
vB_VpP_AC2	OM513679	68.800	0.009
vB_VpP_AC2	MN101220	69.400	0.008
vB_VpP_AC2	MH885472	71.000	0.007
vB_VpP_AC2	KX278418	70.500	0.008
vB_VpP_AC2	NC_031068	70.500	0.008
vB_VpP_AC2	MT197175	67.100	0.012
vB_VpP_AC2	MT559527	71.900	0.007
vB_VpP_AC2	ON602754	69.200	0.008
vB_VpP_AC2	NC_028870	66.900	0.012
vB_VpP_AC2	KP708986	66.900	0.012
vB_VpP_AC2	MZ634338	66.600	0.015
vB_VpP_AC2	ON602732	66.400	0.012
vB_VpP_AC2	MN116494	71.300	0.007
vB_VpP_AC2	ON602723	71.500	0.007
vB_VpP_AC2	MZ424864	74.800	0.005
vB_VpP_AC2	NC_047944	66.000	0.012
vB_VpP_AC2	MG972768	66.000	0.012
vB_VpP_AC2	NC_028816	70.500	0.007
vB_VpP_AC2	KP708985	70.500	0.007
vB_VpP_AC2	MN270888	69.900	0.008
vB_VpP_AC2	MN270887	69.900	0.008
vB_VpP_AC2	ON602767	66.700	0.012
vB_VpP_AC2	KY385423	73.000	0.006
vB_VpP_AC2	NC_047811	73.000	0.006
vB_VpP_AC2	NC_048103	71.100	0.007
vB_VpP_AC2	LC375533	71.100	0.007
vB_VpP_AC2	MK135468	73.100	0.006
vB_VpP_AC2	GQ413938	66.200	0.012
vB_VpP_AC2	NC_013649	66.200	0.012
vB_VpP_AC2	ON602752	69.900	0.007
vB_VpP_AC2	ON602767	69.800	0.008
vB_VpP_AC2	OP413829	74.400	0.005
vB_VpP_AC2	ON602726	74.400	0.005
vB_VpP_AC2	NC_047849	66.200	0.012
vB_VpP_AC2	MF612071	66.200	0.012
vB_VpP_AC2	ON602754	70.000	0.007
vB_VpP_AC2	NC_031096	67.100	0.011
vB_VpP_AC2	KX278419	67.100	0.011
vB_VpP_AC2	OL979479	77.600	0.004
vB_VpP_AC2	OL979479	72.900	0.006
vB_VpP_AC2	MZ634338	68.600	0.008
vB_VpP_AC2	MN271656	69.200	0.008
vB_VpP_AC2	ON602739	69.100	0.009
vB_VpP_AC2	MZ424864	68.600	0.008
vB_VpP_AC2	OM864357	65.800	0.012
vB_VpP_AC2	MW358930	73.200	0.006
vB_VpP_AC2	ON602725	73.900	0.005
vB_VpP_AC2	MZ571827	73.900	0.005
vB_VpP_AC2	NC_027980	67.500	0.010
vB_VpP_AC2	JQ267518	67.500	0.010
vB_VpP_AC2	ON809559	73.900	0.005
vB_VpP_AC2	ON809559	69.300	0.009
vB_VpP_AC2	NC_047787	66.700	0.010
vB_VpP_AC2	KY000081	66.700	0.010
vB_VpP_AC2	ON755175	67.000	0.010
vB_VpP_AC2	LC063634	70.400	0.007
vB_VpP_AC2	NC_047758	70.400	0.007
vB_VpP_AC2	OP852425	70.300	0.007
vB_VpP_AC2	ON602762	77.000	0.004
vB_VpP_AC2	ON602748	72.500	0.006
vB_VpP_AC2	NC_048172	73.800	0.005
vB_VpP_AC2	MK598851	73.800	0.005
vB_VpP_AC2	OP441381	71.300	0.006
vB_VpP_AC2	ON146449	72.500	0.006
vB_VpP_AC2	MT559526	72.300	0.006
vB_VpP_AC2	NC_048103	66.800	0.011
vB_VpP_AC2	LC375533	66.800	0.011
vB_VpP_AC2	ON602756	69.700	0.007
vB_VpP_AC2	OX335379	73.500	0.005
vB_VpP_AC2	ON602754	68.700	0.009
vB_VpP_AC2	NC_027342	78.000	0.004
vB_VpP_AC2	KF319020	78.000	0.004
vB_VpP_AC2	OP852425	75.000	0.005
vB_VpP_AC2	KX211991	69.800	0.007
vB_VpP_AC2	NC_031025	69.800	0.007
vB_VpP_AC2	OL362279	69.200	0.007
vB_VpP_AC2	MN844877	65.800	0.013
vB_VpP_AC2	ON602762	72.100	0.006
vB_VpP_AC2	MN812690	72.300	0.005
vB_VpP_AC2	OP413829	70.900	0.007
vB_VpP_AC2	ON602732	69.800	0.008
vB_VpP_AC2	MK135468	73.000	0.005
vB_VpP_AC2	ON602757	69.400	0.007
vB_VpP_AC2	MK693005	73.000	0.005
vB_VpP_AC2	ON602754	73.000	0.005
vB_VpP_AC2	ON132389	73.000	0.005
vB_VpP_AC2	OL362278	66.500	0.011
vB_VpP_AC2	NC_030923	68.500	0.009
vB_VpP_AC2	KU310944	68.500	0.009
vB_VpP_AC2	NC_025457	66.700	0.011
vB_VpP_AC2	KJ473423	66.700	0.011
vB_VpP_AC2	ON602748	74.500	0.005
vB_VpP_AC2	MW358930	71.400	0.006
vB_VpP_AC2	MG575419	75.800	0.004
vB_VpP_AC2	MN850570	67.800	0.009
vB_VpP_AC2	MN850608	68.100	0.009
vB_VpP_AC2	MN850568	68.100	0.009
vB_VpP_AC2	ON602725	69.500	0.007
vB_VpP_AC2	MZ571827	69.500	0.007
vB_VpP_AC2	MN116494	69.600	0.007
vB_VpP_AC2	MN116494	65.300	0.012
vB_VpP_AC2	NC_028670	68.100	0.008
vB_VpP_AC2	KT964103	68.100	0.008
vB_VpP_AC2	ON602726	69.500	0.007
vB_VpP_AC2	NC_047787	70.600	0.006
vB_VpP_AC2	KY000081	70.600	0.006
vB_VpP_AC2	MT559527	73.900	0.005
vB_VpP_AC2	OK562429	73.200	0.005
vB_VpP_AC2	MN497414	67.200	0.010
vB_VpP_AC2	ON602739	72.600	0.005
vB_VpP_AC2	ON602740	72.600	0.005
vB_VpP_AC2	ON602740	69.800	0.007
vB_VpP_AC2	MZ634340	72.600	0.005
vB_VpP_AC2	MZ634343	72.600	0.005
vB_VpP_AC2	MZ634342	72.600	0.005
vB_VpP_AC2	NC_027363	76.900	0.004
vB_VpP_AC2	KM819694	76.900	0.004
vB_VpP_AC2	MG575419	68.900	0.007
vB_VpP_AC2	MN176572	69.000	0.007
vB_VpP_AC2	ON146449	74.000	0.005
vB_VpP_AC2	MN270888	66.100	0.011
vB_VpP_AC2	MN270887	66.100	0.011
vB_VpP_AC2	MN176573	75.100	0.005
vB_VpP_AC2	NC_047929	68.700	0.008
vB_VpP_AC2	KY684082	68.700	0.008
vB_VpP_AC2	OL976437	68.900	0.007
vB_VpP_AC2	ON132389	69.600	0.007
vB_VpP_AC2	MT701589	73.000	0.005
vB_VpP_AC2	NC_047783	70.300	0.006
vB_VpP_AC2	KX237514	70.300	0.006
vB_VpP_AC2	MN812692	67.600	0.010
vB_VpP_AC2	MG575419	82.100	0.003
vB_VpP_AC2	OM864357	67.000	0.010
vB_VpP_AC2	KX587949	73.300	0.005
vB_VpP_AC2	NC_047857	73.300	0.005
vB_VpP_AC2	MZ634340	68.800	0.007
vB_VpP_AC2	MG575418	76.300	0.004
vB_VpP_AC2	ON602756	70.200	0.006
vB_VpP_AC2	ON602757	70.200	0.006
vB_VpP_AC2	NC_027363	86.200	0.002
vB_VpP_AC2	KM819694	86.200	0.002
vB_VpP_AC2	MN850592	67.300	0.009
vB_VpP_AC2	NC_047748	67.400	0.008
vB_VpP_AC2	KM576124	67.400	0.008
vB_VpP_AC2	MZ634343	69.300	0.007
vB_VpP_AC2	MZ634342	69.300	0.007
vB_VpP_AC2	MN380459	71.200	0.006
vB_VpP_AC2	OL416096	75.800	0.004
vB_VpP_AC2	OM234793	75.800	0.004
vB_VpP_AC2	ON602756	73.900	0.004
vB_VpP_AC2	MK135468	73.900	0.004
vB_VpP_AC2	ON602757	73.900	0.004
vB_VpP_AC2	MT227925	69.300	0.007
vB_VpP_AC2	NC_048061	74.000	0.004
vB_VpP_AC2	MH807818	74.000	0.004
vB_VpP_AC2	MK095205	74.000	0.004
vB_VpP_AC2	MK095206	74.000	0.004
vB_VpP_AC2	MT197176	70.800	0.006
vB_VpP_AC2	MN794003	72.000	0.005
vB_VpP_AC2	MG575418	68.000	0.007
vB_VpP_AC2	NC_047800	68.600	0.007
vB_VpP_AC2	KY117485	68.600	0.007
vB_VpP_AC2	ON602724	67.000	0.008
vB_VpP_AC2	MN176573	74.600	0.004
vB_VpP_AC2	NC_047929	70.000	0.006
vB_VpP_AC2	KY684082	70.000	0.006
vB_VpP_AC2	NC_027980	69.100	0.007
vB_VpP_AC2	JQ267518	69.100	0.007
vB_VpP_AC2	MH807816	73.400	0.004
vB_VpP_AC2	NC_048058	73.400	0.004
vB_VpP_AC2	MH807814	73.400	0.004
vB_VpP_AC2	NC_048120	73.400	0.004
vB_VpP_AC2	MK095210	73.400	0.004
vB_VpP_AC2	JX290549	73.400	0.004
vB_VpP_AC2	NC_041854	73.400	0.004
vB_VpP_AC2	NC_048056	73.400	0.004
vB_VpP_AC2	MH807811	73.400	0.004
vB_VpP_AC2	NC_029081	73.400	0.004
vB_VpP_AC2	KR604693	73.400	0.004
vB_VpP_AC2	KY245949	66.400	0.009
vB_VpP_AC2	FR687252	71.700	0.005
vB_VpP_AC2	NC_019454	71.700	0.005
vB_VpP_AC2	NC_027342	80.700	0.003
vB_VpP_AC2	KF319020	80.700	0.003
vB_VpP_AC2	JX290549	72.800	0.004
vB_VpP_AC2	NC_041854	72.800	0.004
vB_VpP_AC2	MN844877	72.100	0.005
vB_VpP_AC2	MK095196	72.900	0.004
vB_VpP_AC2	MK095194	72.900	0.004
vB_VpP_AC2	MK095198	72.900	0.004
vB_VpP_AC2	MN497414	71.300	0.005
vB_VpP_AC2	NC_030923	66.300	0.009
vB_VpP_AC2	KU310944	66.300	0.009
vB_VpP_AC2	NC_048148	67.700	0.008
vB_VpP_AC2	MK387869	67.700	0.008
vB_VpP_AC2	OL416096	82.300	0.002
vB_VpP_AC2	MT360680	75.800	0.003
vB_VpP_AC2	NC_029081	72.200	0.004
vB_VpP_AC2	KR604693	72.200	0.004
vB_VpP_AC2	NC_027980	73.700	0.004
vB_VpP_AC2	JQ267518	73.700	0.004
vB_VpP_AC2	MH885472	77.300	0.002
vB_VpP_AC2	NC_013638	75.300	0.003
vB_VpP_AC2	FN594518	75.300	0.003
vB_VpP_AC2	NC_028870	71.900	0.004
vB_VpP_AC2	KP708986	71.900	0.004
vB_VpP_AC2	NC_025445	67.700	0.007
vB_VpP_AC2	KM247287	67.700	0.007
vB_VpP_AC2	MG575418	73.000	0.004
vB_VpP_AC2	NC_013638	74.200	0.004
vB_VpP_AC2	FN594518	74.200	0.004
vB_VpP_AC2	NC_027980	75.000	0.003
vB_VpP_AC2	JQ267518	75.000	0.003
vB_VpP_AC2	MZ634343	72.500	0.004
vB_VpP_AC2	MZ634342	72.500	0.004
vB_VpP_AC2	NC_048103	68.000	0.006
vB_VpP_AC2	LC375533	68.000	0.006
vB_VpP_AC2	ON602748	69.600	0.005
vB_VpP_AC2	OX335379	66.500	0.008
vB_VpP_AC2	NC_048174	68.600	0.006
vB_VpP_AC2	MK562503	68.600	0.006
vB_VpP_AC2	NC_023570	69.700	0.006
vB_VpP_AC2	KF669656	69.700	0.006
vB_VpP_AC2	MZ424864	74.100	0.003
vB_VpP_AC2	OP441381	74.100	0.003
vB_VpP_AC2	ON146449	74.100	0.003
vB_VpP_AC2	OL362278	74.100	0.003
vB_VpP_AC2	MT360680	74.100	0.003
vB_VpP_AC2	OL416096	74.300	0.004
vB_VpP_AC2	OP852425	71.000	0.004
vB_VpP_AC2	ON602740	71.200	0.004
vB_VpP_AC2	ON602756	71.100	0.004
vB_VpP_AC2	ON602757	71.100	0.004
vB_VpP_AC2	MF033351	85.800	0.002
vB_VpP_AC2	NC_042007	85.800	0.002
vB_VpP_AC2	OL979479	71.800	0.004
vB_VpP_AC2	OM234793	73.300	0.004
vB_VpP_AC2	OX335428	73.500	0.004
vB_VpP_AC2	ON602727	68.300	0.006
vB_VpP_AC2	NC_025418	73.500	0.004
vB_VpP_AC2	AB716666	73.500	0.004
vB_VpP_AC2	MZ634340	71.800	0.004
vB_VpP_AC2	ON165415	71.700	0.004
vB_VpP_AC2	OP413829	71.700	0.004
vB_VpP_AC2	MW459163	73.400	0.003
vB_VpP_AC2	NC_025457	69.000	0.006
vB_VpP_AC2	KJ473423	69.000	0.006
vB_VpP_AC2	OM913598	79.400	0.002
vB_VpP_AC2	MK693005	74.400	0.003
vB_VpP_AC2	ON602740	68.900	0.005
vB_VpP_AC2	NC_042003	79.700	0.002
vB_VpP_AC2	MF033347	79.700	0.002
vB_VpP_AC2	MN651570	79.700	0.002
vB_VpP_AC2	NC_042005	79.700	0.002
vB_VpP_AC2	MF033349	79.700	0.002
vB_VpP_AC2	OL979478	73.200	0.003
vB_VpP_AC2	ON602739	70.700	0.004
vB_VpP_AC2	OL976437	73.200	0.003
vB_VpP_AC2	KT367886	74.200	0.003
vB_VpP_AC2	NC_028664	74.200	0.003
vB_VpP_AC2	ON809559	74.200	0.003
vB_VpP_AC2	KX278418	71.000	0.005
vB_VpP_AC2	NC_031068	71.000	0.005
vB_VpP_AC2	MK693005	69.500	0.005
vB_VpP_AC2	MZ634340	71.100	0.004
vB_VpP_AC2	MZ634343	71.100	0.004
vB_VpP_AC2	MZ634342	71.100	0.004
vB_VpP_AC2	NC_027363	72.700	0.004
vB_VpP_AC2	KM819694	72.700	0.004
vB_VpP_AC2	MN850617	84.600	0.002
vB_VpP_AC2	MN850583	84.600	0.002
vB_VpP_AC2	ON165415	68.300	0.006
vB_VpP_AC2	MT682065	73.900	0.003
vB_VpP_AC2	ON602725	73.900	0.003
vB_VpP_AC2	MZ571827	73.900	0.003
vB_VpP_AC2	OP114731	68.300	0.006
vB_VpP_AC2	ON602723	73.900	0.003
vB_VpP_AC2	ON602726	73.900	0.003
vB_VpP_AC2	MH885472	76.500	0.003
vB_VpP_AC2	NC_047787	73.100	0.003
vB_VpP_AC2	KY000081	73.100	0.003
vB_VpP_AC2	OX335379	73.100	0.003
vB_VpP_AC2	MW056501	72.700	0.003
vB_VpP_AC2	MZ868724	72.700	0.003
vB_VpP_AC2	NC_009936	86.100	0.002
vB_VpP_AC2	AM265639	86.100	0.002
vB_VpP_AC2	MN850583	73.700	0.003
vB_VpP_AC2	ON602762	73.700	0.003
vB_VpP_AC2	FR687252	69.100	0.005
vB_VpP_AC2	NC_019454	69.100	0.005
vB_VpP_AC2	NC_042124	78.700	0.002
vB_VpP_AC2	MH042230	78.700	0.002
vB_VpP_AC2	MW056503	78.700	0.002
vB_VpP_AC2	NC_031086	78.700	0.002
vB_VpP_AC2	KT339321	78.700	0.002
vB_VpP_AC2	MN614471	78.700	0.002
vB_VpP_AC2	MF033350	78.700	0.002
vB_VpP_AC2	NC_042006	78.700	0.002
vB_VpP_AC2	MT263719	78.700	0.002
vB_VpP_AC2	MW366784	78.700	0.002
vB_VpP_AC2	NC_027342	70.700	0.004
vB_VpP_AC2	KF319020	70.700	0.004
vB_VpP_AC2	MZ868726	78.700	0.002
vB_VpP_AC2	NC_041914	78.700	0.002
vB_VpP_AC2	KY268295	78.700	0.002
vB_VpP_AC2	MK257720	78.700	0.002
vB_VpP_AC2	MK257719	78.700	0.002
vB_VpP_AC2	NC_028675	78.700	0.002
vB_VpP_AC2	HQ186308	78.700	0.002
vB_VpP_AC2	LN878149	83.500	0.002
vB_VpP_AC2	NC_029070	83.500	0.002
vB_VpP_AC2	NC_041915	78.700	0.002
vB_VpP_AC2	KY268296	78.700	0.002
vB_VpP_AC2	MK257721	78.700	0.002
vB_VpP_AC2	MG599035	78.700	0.002
vB_VpP_AC2	NC_047883	78.700	0.002
vB_VpP_AC2	MW366783	78.700	0.002
vB_VpP_AC2	MK257723	78.700	0.002
vB_VpP_AC2	JX658790	78.700	0.002
vB_VpP_AC2	NC_021316	78.700	0.002
vB_VpP_AC2	MZ936316	78.700	0.002
vB_VpP_AC2	MN604239	78.700	0.002
vB_VpP_AC2	NC_020078	71.000	0.004
vB_VpP_AC2	KC107834	71.000	0.004
vB_VpP_AC2	MW250276	71.000	0.004
vB_VpP_AC2	MT090077	72.500	0.003
vB_VpP_AC2	ON602762	70.600	0.004
vB_VpP_AC2	MN176573	73.100	0.003
vB_VpP_AC2	ON132389	73.100	0.003
vB_VpP_AC2	MN812690	70.100	0.004
vB_VpP_AC2	ON602728	64.800	0.009
vB_VpP_AC2	MT741944	72.100	0.003
vB_VpP_AC2	NC_048076	72.100	0.003
vB_VpP_AC2	MH800200	72.100	0.003
vB_VpP_AC2	MN850617	72.900	0.003
vB_VpP_AC2	KX587949	72.100	0.003
vB_VpP_AC2	NC_047857	72.100	0.003
vB_VpP_AC2	KY385423	78.300	0.002
vB_VpP_AC2	NC_047811	78.300	0.002
vB_VpP_AC2	NC_047953	74.200	0.003
vB_VpP_AC2	MH107770	74.200	0.003
vB_VpP_AC2	ON132389	67.300	0.007
vB_VpP_AC2	MN395291	77.700	0.002
vB_VpP_AC2	ON513429	77.700	0.002
vB_VpP_AC2	ON210142	77.700	0.002
vB_VpP_AC2	KR149290	77.700	0.002
vB_VpP_AC2	NC_028848	77.700	0.002
vB_VpP_AC2	MN433707	77.700	0.002
vB_VpP_AC2	OL770263	77.700	0.002
vB_VpP_AC2	OM913597	78.700	0.002
vB_VpP_AC2	ON602754	70.100	0.004
vB_VpP_AC2	KT388102	82.000	0.002
vB_VpP_AC2	NC_028684	82.000	0.002
vB_VpP_AC2	OL964948	82.000	0.002
vB_VpP_AC2	MN271656	71.600	0.004
vB_VpP_AC2	MH763831	82.000	0.002
vB_VpP_AC2	NC_048081	82.000	0.002
vB_VpP_AC2	ON602724	77.100	0.003
vB_VpP_AC2	MZ424864	71.600	0.004
vB_VpP_AC2	NC_047849	76.100	0.002
vB_VpP_AC2	MF612071	76.100	0.002
vB_VpP_AC2	NC_048172	71.700	0.003
vB_VpP_AC2	MK598851	71.700	0.003
vB_VpP_AC2	MZ592920	81.000	0.002
vB_VpP_AC2	MZ592920	81.000	0.002
vB_VpP_AC2	NC_028836	73.500	0.003
vB_VpP_AC2	KR054031	73.500	0.003
vB_VpP_AC2	MZ553931	73.500	0.003
vB_VpP_AC2	MK095196	72.200	0.003
vB_VpP_AC2	MK095194	72.200	0.003
vB_VpP_AC2	MK095198	72.200	0.003
vB_VpP_AC2	OP852425	72.600	0.003
vB_VpP_AC2	MZ868725	76.700	0.002
vB_VpP_AC2	MW056502	76.700	0.002
vB_VpP_AC2	MW358930	68.200	0.004
vB_VpP_AC2	NC_023570	90.500	0.001
vB_VpP_AC2	KF669656	90.500	0.001
vB_VpP_AC2	MK095200	79.200	0.002
vB_VpP_AC2	MK095199	79.200	0.002
vB_VpP_AC2	MK095195	79.200	0.002
vB_VpP_AC2	MK095193	79.200	0.002
vB_VpP_AC2	NC_048116	79.200	0.002
vB_VpP_AC2	MK095197	79.200	0.002
vB_VpP_AC2	NC_041914	89.000	0.001
vB_VpP_AC2	KY268295	89.000	0.001
vB_VpP_AC2	OP019135	89.000	0.001
vB_VpP_AC2	KU743887	72.700	0.003
vB_VpP_AC2	NC_047852	72.700	0.003
vB_VpP_AC2	NC_005045	72.700	0.003
vB_VpP_AC2	AJ505558	72.700	0.003
vB_VpP_AC2	KC969441	72.700	0.003
vB_VpP_AC2	OP556577	72.700	0.003
vB_VpP_AC2	MN692672	72.700	0.003
vB_VpP_AC2	LN610580	72.700	0.003
vB_VpP_AC2	NC_047967	72.700	0.003
vB_VpP_AC2	EU056923	72.700	0.003
vB_VpP_AC2	NC_011105	72.700	0.003
vB_VpP_AC2	NC_011107	72.700	0.003
vB_VpP_AC2	EU236438	72.700	0.003
vB_VpP_AC2	KX711710	72.700	0.003
vB_VpP_AC2	NC_017865	72.700	0.003
vB_VpP_AC2	JQ307386	72.700	0.003
vB_VpP_AC2	MW406975	72.700	0.003
vB_VpP_AC2	MN615698	72.700	0.003
vB_VpP_AC2	FN263372	72.700	0.003
vB_VpP_AC2	NC_012418	72.700	0.003
vB_VpP_AC2	NC_048168	72.700	0.003
vB_VpP_AC2	MH979674	72.700	0.003
vB_VpP_AC2	NC_010326	72.700	0.003
vB_VpP_AC2	AM910651	72.700	0.003
vB_VpP_AC2	OP819285	77.500	0.002
vB_VpP_AC2	ON755175	82.600	0.002
vB_VpP_AC2	NC_047944	66.500	0.006
vB_VpP_AC2	MG972768	66.500	0.006
vB_VpP_AC2	NC_047787	67.200	0.005
vB_VpP_AC2	KY000081	67.200	0.005
vB_VpP_AC2	ON146449	69.200	0.004
vB_VpP_AC2	MW286268	71.300	0.004
vB_VpP_AC2	MW286266	71.300	0.004
vB_VpP_AC2	NC_027980	70.000	0.004
vB_VpP_AC2	JQ267518	70.000	0.004
vB_VpP_AC2	OL539469	79.400	0.002
vB_VpP_AC2	MW286267	72.700	0.003
vB_VpP_AC2	OM864357	72.200	0.003
vB_VpP_AC2	MW345241	90.000	0.001
vB_VpP_AC2	NC_028987	87.200	0.001
vB_VpP_AC2	KT388102	87.200	0.001
vB_VpP_AC2	MN807295	90.000	0.001
vB_VpP_AC2	ON857928	72.000	0.003
vB_VpP_AC2	ON857935	72.000	0.003
vB_VpP_AC2	MN615699	72.000	0.003
vB_VpP_AC2	LC727700	72.000	0.003
vB_VpP_AC2	JX501340	72.000	0.003
vB_VpP_AC2	NC_022091	72.000	0.003
vB_VpP_AC2	JX997978	72.000	0.003
vB_VpP_AC2	NC_022746	72.000	0.003
vB_VpP_AC2	MW406976	72.000	0.003
vB_VpP_AC2	MZ687409	72.000	0.003
vB_VpP_AC2	ON857926	72.000	0.003
vB_VpP_AC2	NC_027375	72.000	0.003
vB_VpP_AC2	KM067278	72.000	0.003
vB_VpP_AC2	OK539824	72.000	0.003
vB_VpP_AC2	KY618819	72.000	0.003
vB_VpP_AC2	MN901924	72.000	0.003
vB_VpP_AC2	NC_026602	72.000	0.003
vB_VpP_AC2	LN610574	72.000	0.003
vB_VpP_AC2	ON857933	72.000	0.003
vB_VpP_AC2	MN871455	74.000	0.002
vB_VpP_AC2	GQ413938	70.500	0.003
vB_VpP_AC2	NC_013649	70.500	0.003
vB_VpP_AC2	NC_047944	76.400	0.002
vB_VpP_AC2	MG972768	76.400	0.002
vB_VpP_AC2	MN176572	69.500	0.003
vB_VpP_AC2	MK095204	76.800	0.002
vB_VpP_AC2	MK095203	76.800	0.002
vB_VpP_AC2	NC_048118	76.800	0.002
vB_VpP_AC2	MK095202	76.800	0.002
vB_VpP_AC2	NC_048117	76.800	0.002
vB_VpP_AC2	NC_048172	66.600	0.005
vB_VpP_AC2	MK598851	66.600	0.005
vB_VpP_AC2	OK583892	76.100	0.002
vB_VpP_AC2	OK583893	76.100	0.002
vB_VpP_AC2	ON602761	76.100	0.002
vB_VpP_AC2	NC_048148	66.100	0.005
vB_VpP_AC2	MK387869	66.100	0.005
vB_VpP_AC2	MN794000	69.800	0.003
vB_VpP_AC2	MN794001	69.800	0.003
vB_VpP_AC2	OU509534	66.200	0.005
vB_VpP_AC2	MK095200	80.900	0.001
vB_VpP_AC2	MK095199	80.900	0.001
vB_VpP_AC2	MK095195	80.900	0.001
vB_VpP_AC2	MK095193	80.900	0.001
vB_VpP_AC2	NC_048116	80.900	0.001
vB_VpP_AC2	MK095197	80.900	0.001
vB_VpP_AC2	MK095204	80.900	0.001
vB_VpP_AC2	MK095203	80.900	0.001
vB_VpP_AC2	NC_048118	80.900	0.001
vB_VpP_AC2	OP508218	86.000	0.001
vB_VpP_AC2	OP019135	86.000	0.001
vB_VpP_AC2	OK546191	86.000	0.001
vB_VpP_AC2	MW358930	88.800	0.001
vB_VpP_AC2	ON602761	75.200	0.002
vB_VpP_AC2	ON604651	75.600	0.002
vB_VpP_AC2	MK095201	80.600	0.001
vB_VpP_AC2	NC_048119	80.600	0.001
vB_VpP_AC2	MK095209	80.600	0.001
vB_VpP_AC2	MN812692	80.600	0.001
vB_VpP_AC2	MK095202	80.600	0.001
vB_VpP_AC2	NC_048117	80.600	0.001
vB_VpP_AC2	NC_047800	79.100	0.002
vB_VpP_AC2	KY117485	79.100	0.002
vB_VpP_AC2	JN651747	80.300	0.001
vB_VpP_AC2	NC_019528	80.300	0.001
vB_VpP_AC2	MN812692	81.300	0.001
vB_VpP_AC2	OL634959	86.900	0.001
vB_VpP_AC2	MT559526	69.100	0.003
vB_VpP_AC2	MZ208805	75.300	0.002
vB_VpP_AC2	OX241572	84.300	0.001
vB_VpP_AC2	MK095207	79.300	0.001
vB_VpP_AC2	MK095192	79.300	0.001
vB_VpP_AC2	NC_048103	80.500	0.001
vB_VpP_AC2	LC375533	80.500	0.001
