vB_VpP_AC2_1	OK585160_00031	100	98.2
vB_VpP_AC2_1	OK585159_00031	100	98.2
vB_VpP_AC2_1	OK585158_00032	100	98.2
vB_VpP_AC2_1	OP117450_00028	100	98.2
vB_VpP_AC2_1	ON864052_00001	100	98.2
vB_VpP_AC2_1	ON080941_00040	100	98.2
vB_VpP_AC2_1	OM362522_00041	100	98.2
vB_VpP_AC2_1	OM799543_00009	100	98.2
vB_VpP_AC2_1	OK349506_00009	100	98.2
vB_VpP_AC2_1	MZ592921_00045	100	98.2
vB_VpP_AC2_1	MZ020222_00036	100	98.2
vB_VpP_AC2_1	MW331544_00009	100	98.2
vB_VpP_AC2_1	LR794124_00009	100	98.2
vB_VpP_AC2_1	MT501516_00009	100	98.2
vB_VpP_AC2_1	MN974282_00008	100	98.2
vB_VpP_AC2_1	MK474470_00008	100	98.2
vB_VpP_AC2_1	MF754112_00020	100	98.2
vB_VpP_AC2_1	MF754111_00034	100	98.2
vB_VpP_AC2_1	FJ896200_00010	100	98.2
vB_VpP_AC2_1	ON457557_00009	100	96.4
vB_VpP_AC2_1	ON457556_00004	100	96.4
vB_VpP_AC2_1	ON457555_00009	100	96.4
vB_VpP_AC2_1	ON457554_00009	100	96.4
vB_VpP_AC2_1	ON872379_00039	100	96.4
vB_VpP_AC2_1	MT178448_00009	100	96.4
vB_VpP_AC2_2	ON864052_00002	100	99.1
vB_VpP_AC2_2	ON080940_00001	97.2	99.1
vB_VpP_AC2_2	MZ516827_00001	94.3	99.1
vB_VpP_AC2_2	MZ182247_00001	94.3	99.1
vB_VpP_AC2_2	ON872379_00038	96.2	99.1
vB_VpP_AC2_3	ON864052_00003	100	99.8
vB_VpP_AC2_3	MT501516_00011	99.8	99.8
vB_VpP_AC2_3	FJ896200_00012	99.5	99.8
vB_VpP_AC2_3	OK585160_00029	99.1	99.8
vB_VpP_AC2_3	OK585159_00029	99.1	99.8
vB_VpP_AC2_3	OK585158_00030	99.1	99.8
vB_VpP_AC2_3	OP117450_00026	99.1	99.8
vB_VpP_AC2_3	ON872379_00037	99.1	99.8
vB_VpP_AC2_3	ON080941_00038	99.1	99.8
vB_VpP_AC2_3	ON080940_00002	99.1	99.8
vB_VpP_AC2_3	OM362522_00039	99.1	99.8
vB_VpP_AC2_3	OM799543_00011	99.1	99.8
vB_VpP_AC2_3	MZ516827_00002	99.1	99.8
vB_VpP_AC2_3	MZ182247_00002	99.1	99.8
vB_VpP_AC2_3	MZ020222_00034	99.1	99.8
vB_VpP_AC2_3	MF754112_00022	99.1	99.8
vB_VpP_AC2_3	MF754111_00036	99.1	99.8
vB_VpP_AC2_3	OK349506_00011	99.3	99.8
vB_VpP_AC2_3	MW331544_00011	99.3	99.8
vB_VpP_AC2_3	LR794124_00011	99.3	99.8
vB_VpP_AC2_3	MZ592921_00047	98.8	99.8
vB_VpP_AC2_3	MW250641_00038	98.8	99.8
vB_VpP_AC2_3	MT178448_00011	98.8	99.8
vB_VpP_AC2_3	ON457557_00011	98.6	99.8
vB_VpP_AC2_3	ON457556_00006	98.6	99.8
vB_VpP_AC2_4	ON864052_00004	100	99.9
vB_VpP_AC2_4	MT501516_00013	99.6	99.9
vB_VpP_AC2_4	MW331544_00013	99.4	99.9
vB_VpP_AC2_4	LR794124_00013	99.4	99.9
vB_VpP_AC2_4	FJ896200_00015	99.1	99.9
vB_VpP_AC2_4	ON080941_00036	99.3	99.9
vB_VpP_AC2_4	ON872379_00035	99.0	99.9
vB_VpP_AC2_4	MF754111_00038	99.1	99.9
vB_VpP_AC2_4	OP117450_00024	97.3	99.9
vB_VpP_AC2_4	MZ020222_00032	96.9	99.9
vB_VpP_AC2_4	OK585158_00028	97.7	99.9
vB_VpP_AC2_4	OM799543_00013	97.5	99.9
vB_VpP_AC2_4	OK349506_00013	97.4	99.9
vB_VpP_AC2_4	ON080940_00004	97.3	99.9
vB_VpP_AC2_4	OK585160_00027	97.2	99.9
vB_VpP_AC2_4	OK585159_00027	97.2	99.9
vB_VpP_AC2_4	MF754112_00024	96.2	99.9
vB_VpP_AC2_4	ON457555_00013	96.2	99.9
vB_VpP_AC2_4	ON457554_00013	96.2	99.9
vB_VpP_AC2_4	MN974282_00012	96.2	99.9
vB_VpP_AC2_4	MK474470_00012	96.2	99.9
vB_VpP_AC2_4	MZ592921_00001	96.1	99.9
vB_VpP_AC2_4	OM362522_00037	95.8	99.9
vB_VpP_AC2_4	MZ516827_00004	95.8	99.9
vB_VpP_AC2_4	MZ182247_00004	95.8	99.9
vB_VpP_AC2_5	ON864052_00005	100	99.5
vB_VpP_AC2_5	FJ896200_00016	97.9	99.5
vB_VpP_AC2_5	ON872379_00034	96.9	99.5
vB_VpP_AC2_5	MF754111_00039	96.3	99.5
vB_VpP_AC2_5	MZ182247_00005	95.8	99.5
vB_VpP_AC2_5	ON080940_00005	95.8	99.5
vB_VpP_AC2_5	MF754112_00026	95.8	99.5
vB_VpP_AC2_5	MT501516_00014	95.3	99.5
vB_VpP_AC2_5	MT178448_00014	94.8	99.5
vB_VpP_AC2_5	ON457557_00014	91.6	99.5
vB_VpP_AC2_5	ON457556_00009	91.6	99.5
vB_VpP_AC2_5	ON457555_00014	91.6	99.5
vB_VpP_AC2_5	ON457554_00014	91.6	99.5
vB_VpP_AC2_5	MW331544_00014	91.1	99.5
vB_VpP_AC2_5	LR794124_00014	91.1	99.5
vB_VpP_AC2_5	OM362522_00036	90.6	99.5
vB_VpP_AC2_5	MW250641_00035	90.1	99.5
vB_VpP_AC2_5	MZ020222_00031	93.6	90.1
vB_VpP_AC2_5	MZ516827_00006	84.8	99.5
vB_VpP_AC2_5	MN974282_00013	66.7	99.5
vB_VpP_AC2_5	MK474470_00013	66.7	99.5
vB_VpP_AC2_5	OP117450_00023	65.1	99.5
vB_VpP_AC2_5	ON080941_00034	65.6	99.5
vB_VpP_AC2_5	MZ592921_00002	65.1	99.5
vB_VpP_AC2_5	OK585158_00026	64.6	99.5
vB_VpP_AC2_6	ON864052_00006	100	99.5
vB_VpP_AC2_6	OK585158_00025	96.4	99.5
vB_VpP_AC2_6	ON080941_00033	96.4	99.5
vB_VpP_AC2_6	OK349506_00015	96.4	99.5
vB_VpP_AC2_6	FJ896200_00017	96.4	99.5
vB_VpP_AC2_6	OM799543_00015	86.9	99.5
vB_VpP_AC2_6	ON872379_00033	85.9	99.5
vB_VpP_AC2_6	OM362522_00035	85.9	99.5
vB_VpP_AC2_6	OP117450_00022	85.9	99.5
vB_VpP_AC2_6	MZ592921_00003	85.9	99.5
vB_VpP_AC2_6	MZ516827_00007	85.4	99.5
vB_VpP_AC2_6	MZ020222_00030	85.4	99.5
vB_VpP_AC2_6	MT501516_00015	85.4	99.5
vB_VpP_AC2_6	ON080940_00006	85.4	99.5
vB_VpP_AC2_6	MF754112_00027	85.4	99.5
vB_VpP_AC2_6	MF754111_00040	85.4	99.5
vB_VpP_AC2_6	MN974282_00014	84.8	99.5
vB_VpP_AC2_6	MK474470_00014	84.8	99.5
vB_VpP_AC2_6	MZ182247_00006	84.8	99.5
vB_VpP_AC2_6	ON457557_00015	84.3	99.5
vB_VpP_AC2_6	ON457556_00010	84.3	99.5
vB_VpP_AC2_6	ON457555_00015	84.3	99.5
vB_VpP_AC2_6	ON457554_00015	84.3	99.5
vB_VpP_AC2_6	OK585160_00025	83.8	99.5
vB_VpP_AC2_6	OK585159_00025	83.8	99.5
vB_VpP_AC2_7	ON864052_00007	100	99.2
vB_VpP_AC2_7	MW331544_00016	62.6	96.6
vB_VpP_AC2_7	LR794124_00016	62.6	96.6
vB_VpP_AC2_7	KX689784_00033	43.5	71.4
vB_VpP_AC2_7	KJ748011_00016	43.5	71.4
vB_VpP_AC2_7	MW367418_00014	42.4	71.4
vB_VpP_AC2_7	KY084243_00016	42.4	71.4
vB_VpP_AC2_7	MT808983_00020	43.0	72.3
vB_VpP_AC2_7	MK903281_00017	42.4	71.4
vB_VpP_AC2_7	MZ833439_00015	38.7	77.3
vB_VpP_AC2_7	MT446394_00042	41.2	71.4
vB_VpP_AC2_7	EU734171_00019	40.0	84.0
vB_VpP_AC2_7	OX335426_00042	43.9	68.9
vB_VpP_AC2_7	OX335394_00043	43.9	68.9
vB_VpP_AC2_7	OX335359_00039	43.9	68.9
vB_VpP_AC2_7	ON528721_00021	38.8	71.4
vB_VpP_AC2_7	OL744217_00012	38.8	71.4
vB_VpP_AC2_7	MF285620_00015	38.8	71.4
vB_VpP_AC2_7	KU687347_00017	38.8	71.4
vB_VpP_AC2_7	MZ820094_00160	39.4	77.3
vB_VpP_AC2_7	MZ820093_00161	39.4	77.3
vB_VpP_AC2_7	MN308080_00023	44.2	63.9
vB_VpP_AC2_7	MN327636_00001	44.2	63.9
vB_VpP_AC2_7	OX335441_00002	40.8	63.9
vB_VpP_AC2_7	OX335378_00050	40.8	63.9
vB_VpP_AC2_8	ON864052_00008	100	99.6
vB_VpP_AC2_8	ON080941_00032	100	99.6
vB_VpP_AC2_8	FJ896200_00018	100	99.6
vB_VpP_AC2_8	OK349506_00016	99.6	99.6
vB_VpP_AC2_8	MW331544_00017	99.6	99.6
vB_VpP_AC2_8	LR794124_00017	99.6	99.6
vB_VpP_AC2_8	OK585158_00024	99.3	99.6
vB_VpP_AC2_8	ON872379_00032	98.9	99.6
vB_VpP_AC2_8	MW250641_00033	98.9	99.6
vB_VpP_AC2_8	MT178448_00016	98.9	99.6
vB_VpP_AC2_8	MT501516_00016	98.5	99.6
vB_VpP_AC2_8	MF754111_00041	98.9	99.6
vB_VpP_AC2_8	ON080940_00007	98.5	99.6
vB_VpP_AC2_8	MZ182247_00007	98.5	99.6
vB_VpP_AC2_8	MF754112_00028	98.5	99.6
vB_VpP_AC2_8	OK585160_00024	97.8	99.6
vB_VpP_AC2_8	OK585159_00024	97.8	99.6
vB_VpP_AC2_8	OM362522_00034	97.0	99.6
vB_VpP_AC2_8	OM799543_00016	95.2	99.6
vB_VpP_AC2_8	OP117450_00021	95.6	99.6
vB_VpP_AC2_8	MZ592921_00004	95.6	99.6
vB_VpP_AC2_8	MZ516827_00008	95.6	99.6
vB_VpP_AC2_8	MZ020222_00029	95.6	99.6
vB_VpP_AC2_8	ON457555_00016	95.6	91.2
vB_VpP_AC2_8	ON457554_00016	95.6	91.2
vB_VpP_AC2_9	ON864052_00009	100	99.1
vB_VpP_AC2_9	OK585160_00023	99.1	99.1
vB_VpP_AC2_9	OK585159_00023	99.1	99.1
vB_VpP_AC2_9	OP117450_00020	99.1	99.1
vB_VpP_AC2_9	OM799543_00017	99.1	99.1
vB_VpP_AC2_9	MZ592921_00005	99.1	99.1
vB_VpP_AC2_9	FJ896200_00019	98.2	99.1
vB_VpP_AC2_9	OK585158_00023	98.2	99.1
vB_VpP_AC2_9	ON080941_00031	98.2	99.1
vB_VpP_AC2_9	MW250641_00032	98.2	99.1
vB_VpP_AC2_9	OK349506_00017	97.3	99.1
vB_VpP_AC2_9	ON872379_00031	97.3	99.1
vB_VpP_AC2_9	ON080940_00008	97.3	99.1
vB_VpP_AC2_9	OM362522_00033	97.3	99.1
vB_VpP_AC2_9	MZ516827_00009	97.3	99.1
vB_VpP_AC2_9	MZ182247_00008	97.3	99.1
vB_VpP_AC2_9	MZ020222_00028	97.3	99.1
vB_VpP_AC2_9	MT501516_00017	97.3	99.1
vB_VpP_AC2_9	MT178448_00017	97.3	99.1
vB_VpP_AC2_9	MF754112_00029	97.3	99.1
vB_VpP_AC2_9	MF754111_00042	97.3	99.1
vB_VpP_AC2_9	MW331544_00018	96.4	99.1
vB_VpP_AC2_9	LR794124_00018	96.4	99.1
vB_VpP_AC2_9	ON457557_00017	95.5	99.1
vB_VpP_AC2_9	ON457556_00012	95.5	99.1
vB_VpP_AC2_10	ON864052_00010	100	99.5
vB_VpP_AC2_10	OK349506_00018	98.6	99.5
vB_VpP_AC2_10	MW331544_00019	98.6	99.5
vB_VpP_AC2_10	LR794124_00019	98.6	99.5
vB_VpP_AC2_10	MT501516_00018	98.6	99.5
vB_VpP_AC2_10	MF754111_00043	98.6	99.5
vB_VpP_AC2_10	MF754112_00030	98.6	99.5
vB_VpP_AC2_10	ON080941_00030	98.1	99.5
vB_VpP_AC2_10	ON872379_00030	98.1	99.5
vB_VpP_AC2_10	OK585160_00022	97.6	99.5
vB_VpP_AC2_10	OK585159_00022	97.6	99.5
vB_VpP_AC2_10	ON080940_00009	97.6	99.5
vB_VpP_AC2_10	OK585158_00022	97.6	99.5
vB_VpP_AC2_10	OM799543_00018	97.1	99.5
vB_VpP_AC2_10	OP117450_00019	97.1	99.5
vB_VpP_AC2_10	MZ516827_00010	97.1	99.5
vB_VpP_AC2_10	FJ896200_00020	97.6	99.5
vB_VpP_AC2_10	MZ592921_00006	96.7	99.5
vB_VpP_AC2_10	MW250641_00031	97.1	99.5
vB_VpP_AC2_10	MT178448_00018	97.1	99.5
vB_VpP_AC2_10	MZ020222_00027	96.7	99.5
vB_VpP_AC2_10	MZ182247_00009	96.7	99.5
vB_VpP_AC2_10	OM362522_00032	96.2	99.5
vB_VpP_AC2_10	ON457557_00018	85.6	99.5
vB_VpP_AC2_10	ON457556_00013	85.6	99.5
vB_VpP_AC2_11	ON864052_00011	100	98.5
vB_VpP_AC2_11	OK585160_00021	98.5	98.5
vB_VpP_AC2_11	OK585159_00021	98.5	98.5
vB_VpP_AC2_11	OK585158_00021	98.5	98.5
vB_VpP_AC2_11	MT501516_00019	98.5	98.5
vB_VpP_AC2_11	ON457555_00019	98.5	98.5
vB_VpP_AC2_11	ON457554_00019	98.5	98.5
vB_VpP_AC2_11	ON080941_00029	97.0	98.5
vB_VpP_AC2_11	FJ896200_00021	97.0	98.5
vB_VpP_AC2_11	MN974282_00018	97.0	98.5
vB_VpP_AC2_11	MK474470_00018	97.0	98.5
vB_VpP_AC2_11	MW331544_00020	95.5	98.5
vB_VpP_AC2_11	LR794124_00020	95.5	98.5
vB_VpP_AC2_11	OK349506_00019	94.0	98.5
vB_VpP_AC2_11	ON457557_00019	91.3	98.5
vB_VpP_AC2_11	ON457556_00014	91.3	98.5
vB_VpP_AC2_11	MT178448_00019	91.3	98.5
vB_VpP_AC2_11	OP117450_00018	89.9	98.5
vB_VpP_AC2_11	MZ592921_00007	89.9	98.5
vB_VpP_AC2_11	MW250641_00030	89.9	98.5
vB_VpP_AC2_11	MF754112_00031	89.9	98.5
vB_VpP_AC2_11	MF754111_00044	89.9	98.5
vB_VpP_AC2_11	ON872379_00029	89.9	98.5
vB_VpP_AC2_11	OM362522_00031	89.9	98.5
vB_VpP_AC2_11	MZ516827_00011	89.9	98.5
vB_VpP_AC2_12	ON864052_00012	100	99.3
vB_VpP_AC2_12	ON080940_00011	99.3	99.3
vB_VpP_AC2_12	OM799543_00020	99.3	99.3
vB_VpP_AC2_12	MF754112_00032	99.3	99.3
vB_VpP_AC2_12	MF754111_00045	99.3	99.3
vB_VpP_AC2_12	ON872379_00028	97.9	99.3
vB_VpP_AC2_12	MZ182247_00011	92.2	99.3
vB_VpP_AC2_12	OK585160_00020	91.5	99.3
vB_VpP_AC2_12	OK585159_00020	91.5	99.3
vB_VpP_AC2_12	MW250641_00029	87.9	99.3
vB_VpP_AC2_12	OM362522_00030	82.3	99.3
vB_VpP_AC2_12	MT178448_00020	83.0	99.3
vB_VpP_AC2_12	OP117450_00017	83.0	99.3
vB_VpP_AC2_12	MZ592921_00008	83.0	99.3
vB_VpP_AC2_12	MZ516827_00012	83.0	99.3
vB_VpP_AC2_12	MZ020222_00025	82.3	99.3
vB_VpP_AC2_12	ON457554_00020	70.2	99.3
vB_VpP_AC2_12	MW331544_00021	69.5	99.3
vB_VpP_AC2_12	LR794124_00021	69.5	99.3
vB_VpP_AC2_12	ON457557_00020	68.8	99.3
vB_VpP_AC2_12	ON457556_00015	68.8	99.3
vB_VpP_AC2_12	MT501516_00020	67.4	99.3
vB_VpP_AC2_12	ON080941_00028	62.9	98.6
vB_VpP_AC2_12	OK585158_00020	62.1	98.6
vB_VpP_AC2_12	FJ896200_00022	61.4	98.6
vB_VpP_AC2_13	ON864052_00013	100	99.7
vB_VpP_AC2_13	MT178448_00021	99.4	99.7
vB_VpP_AC2_13	ON080941_00027	99.7	99.7
vB_VpP_AC2_13	OK585160_00019	99.1	99.7
vB_VpP_AC2_13	OK585159_00019	99.1	99.7
vB_VpP_AC2_13	OP117450_00016	99.1	99.7
vB_VpP_AC2_13	ON872379_00027	99.1	99.7
vB_VpP_AC2_13	MF754111_00046	99.1	99.7
vB_VpP_AC2_13	MW250641_00028	98.7	99.7
vB_VpP_AC2_13	MF754112_00033	98.4	99.7
vB_VpP_AC2_13	OK585158_00019	97.5	99.7
vB_VpP_AC2_13	MT501516_00021	97.8	99.7
vB_VpP_AC2_13	MZ182247_00012	97.5	99.7
vB_VpP_AC2_13	MZ020222_00024	97.5	99.7
vB_VpP_AC2_13	MZ516827_00013	97.5	99.7
vB_VpP_AC2_13	ON080940_00012	97.2	99.7
vB_VpP_AC2_13	OM362522_00029	97.2	99.7
vB_VpP_AC2_13	OM799543_00021	97.2	99.7
vB_VpP_AC2_13	MZ592921_00009	97.2	99.7
vB_VpP_AC2_13	MW331544_00022	97.5	99.7
vB_VpP_AC2_13	ON457557_00021	97.2	99.7
vB_VpP_AC2_13	ON457556_00016	97.2	99.7
vB_VpP_AC2_13	OK349506_00021	97.2	99.7
vB_VpP_AC2_13	ON457555_00021	96.8	99.7
vB_VpP_AC2_13	ON457554_00021	96.8	99.7
vB_VpP_AC2_14	ON864052_00014	100	98.6
vB_VpP_AC2_14	OK585160_00018	98.5	98.6
vB_VpP_AC2_14	OK585159_00018	98.5	98.6
vB_VpP_AC2_14	ON872379_00026	97.1	98.6
vB_VpP_AC2_14	OM362522_00028	97.1	98.6
vB_VpP_AC2_14	MZ020222_00023	97.1	98.6
vB_VpP_AC2_14	MF754112_00034	97.1	98.6
vB_VpP_AC2_14	MF754111_00047	97.1	98.6
vB_VpP_AC2_14	OK585158_00018	95.6	98.6
vB_VpP_AC2_14	OM799543_00022	95.6	98.6
vB_VpP_AC2_14	MW250641_00027	95.6	98.6
vB_VpP_AC2_14	MT178448_00022	95.6	98.6
vB_VpP_AC2_14	MZ182247_00013	95.6	98.6
vB_VpP_AC2_14	OP117450_00015	95.6	98.6
vB_VpP_AC2_14	ON080941_00026	95.6	98.6
vB_VpP_AC2_14	MZ592921_00010	94.1	98.6
vB_VpP_AC2_14	MZ516827_00014	95.6	98.6
vB_VpP_AC2_14	MT501516_00022	95.6	98.6
vB_VpP_AC2_14	ON080940_00013	94.1	98.6
vB_VpP_AC2_14	ON457557_00022	94.0	97.1
vB_VpP_AC2_14	ON457556_00017	94.0	97.1
vB_VpP_AC2_14	ON457555_00022	94.0	97.1
vB_VpP_AC2_14	ON457554_00022	94.0	97.1
vB_VpP_AC2_14	OK349506_00022	94.0	97.1
vB_VpP_AC2_14	MW331544_00023	94.0	97.1
vB_VpP_AC2_15	ON864052_00015	100	99.3
vB_VpP_AC2_15	ON872379_00025	99.3	99.3
vB_VpP_AC2_15	ON080941_00025	99.3	99.3
vB_VpP_AC2_15	MZ592921_00011	99.3	99.3
vB_VpP_AC2_15	MZ182247_00014	99.3	99.3
vB_VpP_AC2_15	MT501516_00023	99.3	99.3
vB_VpP_AC2_15	OP117450_00014	98.6	99.3
vB_VpP_AC2_15	OK585160_00017	98.6	99.3
vB_VpP_AC2_15	OK585159_00017	98.6	99.3
vB_VpP_AC2_15	ON080940_00014	98.6	99.3
vB_VpP_AC2_15	MZ516827_00015	98.6	99.3
vB_VpP_AC2_15	MZ020222_00022	98.6	99.3
vB_VpP_AC2_15	OK585158_00017	98.6	99.3
vB_VpP_AC2_15	OM799543_00023	98.6	99.3
vB_VpP_AC2_15	MF754111_00048	98.6	99.3
vB_VpP_AC2_15	MF754112_00035	98.6	99.3
vB_VpP_AC2_15	OM362522_00027	98.6	99.3
vB_VpP_AC2_15	ON457555_00023	97.3	99.3
vB_VpP_AC2_15	ON457554_00023	97.3	99.3
vB_VpP_AC2_15	OK349506_00023	97.3	99.3
vB_VpP_AC2_15	MN974282_00022	97.3	99.3
vB_VpP_AC2_15	MK474470_00022	97.3	99.3
vB_VpP_AC2_15	ON457557_00023	96.6	99.3
vB_VpP_AC2_15	ON457556_00018	96.6	99.3
vB_VpP_AC2_15	MW250641_00026	97.9	99.3
vB_VpP_AC2_16	OK585158_00016	100	97.5
vB_VpP_AC2_16	OP117450_00013	100	97.5
vB_VpP_AC2_16	ON872379_00024	100	97.5
vB_VpP_AC2_16	ON864052_00016	100	97.5
vB_VpP_AC2_16	ON080941_00024	100	97.5
vB_VpP_AC2_16	ON080940_00015	100	97.5
vB_VpP_AC2_16	OM362522_00026	100	97.5
vB_VpP_AC2_16	OM799543_00024	100	97.5
vB_VpP_AC2_16	MZ592921_00012	100	97.5
vB_VpP_AC2_16	MZ516827_00016	100	97.5
vB_VpP_AC2_16	MZ182247_00015	100	97.5
vB_VpP_AC2_16	MZ020222_00021	100	97.5
vB_VpP_AC2_16	MW331544_00025	100	97.5
vB_VpP_AC2_16	LR794124_00026	100	97.5
vB_VpP_AC2_16	MT501516_00024	100	97.5
vB_VpP_AC2_16	MT178448_00024	100	97.5
vB_VpP_AC2_16	MF754112_00036	100	97.5
vB_VpP_AC2_16	FJ896200_00026	100	97.5
vB_VpP_AC2_16	OK585160_00016	97.4	97.5
vB_VpP_AC2_16	OK585159_00016	97.4	97.5
vB_VpP_AC2_16	OK349506_00024	97.4	97.5
vB_VpP_AC2_16	MW250641_00025	97.4	97.5
vB_VpP_AC2_16	ON457557_00024	94.9	97.5
vB_VpP_AC2_16	ON457556_00019	94.9	97.5
vB_VpP_AC2_16	ON457555_00024	94.9	97.5
vB_VpP_AC2_17	ON864052_00017	100	99.5
vB_VpP_AC2_17	OK585158_00015	99.5	99.5
vB_VpP_AC2_17	ON080941_00023	99.5	99.5
vB_VpP_AC2_17	ON080940_00016	99.5	99.5
vB_VpP_AC2_17	OK585160_00015	99.0	99.5
vB_VpP_AC2_17	OK585159_00015	99.0	99.5
vB_VpP_AC2_17	MT501516_00025	99.0	99.5
vB_VpP_AC2_17	ON872379_00023	99.0	99.5
vB_VpP_AC2_17	OM799543_00025	98.5	99.5
vB_VpP_AC2_17	OK349506_00025	99.0	99.5
vB_VpP_AC2_17	MW331544_00026	99.0	99.5
vB_VpP_AC2_17	LR794124_00027	99.0	99.5
vB_VpP_AC2_17	MZ182247_00016	98.5	99.5
vB_VpP_AC2_17	MF754111_00001	97.9	99.5
vB_VpP_AC2_17	FJ896200_00027	98.5	99.5
vB_VpP_AC2_17	MN974282_00024	97.9	99.0
vB_VpP_AC2_17	MK474470_00024	97.9	99.0
vB_VpP_AC2_17	OM362522_00025	97.4	99.5
vB_VpP_AC2_17	ON457557_00025	96.4	99.0
vB_VpP_AC2_17	ON457556_00020	96.4	99.0
vB_VpP_AC2_17	MT178448_00025	94.8	99.5
vB_VpP_AC2_17	ON457555_00025	95.9	99.0
vB_VpP_AC2_17	ON457554_00025	95.9	99.0
vB_VpP_AC2_17	MF754112_00037	95.9	99.5
vB_VpP_AC2_17	MW250641_00024	94.3	99.5
vB_VpP_AC2_18	OK585158_00014	100	98.6
vB_VpP_AC2_18	ON864052_00018	100	98.6
vB_VpP_AC2_18	ON080941_00022	100	98.6
vB_VpP_AC2_18	OK349506_00026	100	98.6
vB_VpP_AC2_18	MW331544_00027	100	98.6
vB_VpP_AC2_18	LR794124_00028	100	98.6
vB_VpP_AC2_18	MT501516_00026	100	98.6
vB_VpP_AC2_18	FJ896200_00028	100	98.6
vB_VpP_AC2_18	ON872379_00022	95.6	98.6
vB_VpP_AC2_18	OK585160_00014	83.8	98.6
vB_VpP_AC2_18	OK585159_00014	83.8	98.6
vB_VpP_AC2_18	OM799543_00026	82.4	98.6
vB_VpP_AC2_18	MZ516827_00018	80.9	98.6
vB_VpP_AC2_18	MZ182247_00017	82.4	98.6
vB_VpP_AC2_18	OM362522_00024	80.9	98.6
vB_VpP_AC2_18	ON080940_00017	80.9	98.6
vB_VpP_AC2_18	OP117450_00011	79.4	98.6
vB_VpP_AC2_18	MZ592921_00014	79.4	98.6
vB_VpP_AC2_18	MZ020222_00019	79.4	98.6
vB_VpP_AC2_18	MF754112_00038	79.4	98.6
vB_VpP_AC2_18	MF754111_00002	79.4	98.6
vB_VpP_AC2_18	MW250641_00023	77.9	98.6
vB_VpP_AC2_18	ON457555_00026	79.4	98.6
vB_VpP_AC2_18	ON457554_00026	79.4	98.6
vB_VpP_AC2_18	ON457557_00026	77.9	98.6
vB_VpP_AC2_19	ON864052_00019	100	99.9
vB_VpP_AC2_19	MT501516_00027	99.8	99.9
vB_VpP_AC2_19	OP117450_00010	99.6	99.9
vB_VpP_AC2_19	MZ592921_00015	99.6	99.9
vB_VpP_AC2_19	OM799543_00027	99.6	99.9
vB_VpP_AC2_19	ON080941_00021	99.5	99.9
vB_VpP_AC2_19	FJ896200_00029	99.5	99.9
vB_VpP_AC2_19	MZ020222_00018	99.5	99.9
vB_VpP_AC2_19	ON872379_00021	99.5	99.9
vB_VpP_AC2_19	ON080940_00018	99.5	99.9
vB_VpP_AC2_19	OK585158_00013	99.4	99.9
vB_VpP_AC2_19	OK349506_00027	99.5	99.9
vB_VpP_AC2_19	MF754112_00039	99.4	99.9
vB_VpP_AC2_19	MF754111_00003	99.4	99.9
vB_VpP_AC2_19	OK585160_00013	99.3	99.9
vB_VpP_AC2_19	OK585159_00013	99.3	99.9
vB_VpP_AC2_19	OM362522_00023	99.4	99.9
vB_VpP_AC2_19	MW250641_00022	99.4	99.9
vB_VpP_AC2_19	MZ182247_00018	99.3	99.9
vB_VpP_AC2_19	MZ516827_00019	99.1	99.9
vB_VpP_AC2_19	MW331544_00028	99.3	99.9
vB_VpP_AC2_19	LR794124_00029	99.3	99.9
vB_VpP_AC2_19	MT178448_00027	98.9	99.9
vB_VpP_AC2_19	MN974282_00026	97.9	99.9
vB_VpP_AC2_19	MK474470_00026	97.9	99.9
vB_VpP_AC2_20	ON864052_00020	100	99.3
vB_VpP_AC2_20	MF754112_00040	99.3	99.3
vB_VpP_AC2_20	OM799543_00029	98.6	99.3
vB_VpP_AC2_20	MW250641_00021	98.6	99.3
vB_VpP_AC2_20	MF754111_00004	98.6	99.3
vB_VpP_AC2_20	ON457557_00028	98.6	99.3
vB_VpP_AC2_20	ON457556_00023	98.6	99.3
vB_VpP_AC2_20	ON457554_00028	98.6	99.3
vB_VpP_AC2_20	ON872379_00020	98.6	99.3
vB_VpP_AC2_20	ON080941_00020	98.6	99.3
vB_VpP_AC2_20	OK349506_00028	98.6	99.3
vB_VpP_AC2_20	MW331544_00029	98.6	99.3
vB_VpP_AC2_20	LR794124_00030	98.6	99.3
vB_VpP_AC2_20	MT501516_00028	98.6	99.3
vB_VpP_AC2_20	MN974282_00027	98.6	99.3
vB_VpP_AC2_20	MK474470_00027	98.6	99.3
vB_VpP_AC2_20	FJ896200_00030	98.6	99.3
vB_VpP_AC2_20	OP117450_00009	97.8	99.3
vB_VpP_AC2_20	MZ592921_00016	97.8	99.3
vB_VpP_AC2_20	MZ516827_00020	97.8	99.3
vB_VpP_AC2_20	MZ182247_00019	97.8	99.3
vB_VpP_AC2_20	MZ020222_00017	97.8	99.3
vB_VpP_AC2_20	MT178448_00028	97.1	99.3
vB_VpP_AC2_20	ON080940_00019	97.8	99.3
vB_VpP_AC2_20	OK585158_00012	97.1	99.3
vB_VpP_AC2_21	ON864052_00021	100	98.8
vB_VpP_AC2_21	ON864052_00025	100	98.8
vB_VpP_AC2_21	OK585158_00011	98.8	98.8
vB_VpP_AC2_21	ON080941_00019	97.5	98.8
vB_VpP_AC2_21	MW331544_00030	97.5	98.8
vB_VpP_AC2_21	LR794124_00031	97.5	98.8
vB_VpP_AC2_21	MT501516_00029	97.5	98.8
vB_VpP_AC2_21	FJ896200_00031	97.5	98.8
vB_VpP_AC2_21	MN974282_00028	97.5	98.8
vB_VpP_AC2_21	MK474470_00028	97.5	98.8
vB_VpP_AC2_21	ON457557_00029	97.5	98.8
vB_VpP_AC2_21	ON457556_00024	97.5	98.8
vB_VpP_AC2_21	ON457555_00030	97.5	98.8
vB_VpP_AC2_21	ON457554_00029	97.5	98.8
vB_VpP_AC2_21	MW250641_00020	97.5	98.8
vB_VpP_AC2_21	MT178448_00029	97.5	98.8
vB_VpP_AC2_21	MF754111_00005	97.5	98.8
vB_VpP_AC2_21	OK349506_00029	96.3	98.8
vB_VpP_AC2_21	OK585160_00011	96.3	98.8
vB_VpP_AC2_21	OK585159_00011	96.3	98.8
vB_VpP_AC2_21	OP117450_00008	96.3	98.8
vB_VpP_AC2_21	ON872379_00019	96.3	98.8
vB_VpP_AC2_21	ON080940_00020	96.3	98.8
vB_VpP_AC2_21	OM362522_00021	96.3	98.8
vB_VpP_AC2_21	MZ592921_00017	96.3	98.8
vB_VpP_AC2_22	ON864052_00022	100	97.3
vB_VpP_AC2_22	ON864052_00026	100	97.3
vB_VpP_AC2_22	ON864052_00023	100	94.6
vB_VpP_AC2_22	ON864052_00027	100	94.6
vB_VpP_AC2_22	ON457557_00030	94.1	91.9
vB_VpP_AC2_22	ON457556_00025	94.1	91.9
vB_VpP_AC2_22	ON457555_00031	94.1	91.9
vB_VpP_AC2_22	ON457554_00030	94.1	91.9
vB_VpP_AC2_22	MN974282_00029	94.1	91.9
vB_VpP_AC2_22	MK474470_00029	94.1	91.9
vB_VpP_AC2_22	OK585160_00010	91.2	91.9
vB_VpP_AC2_22	OK585159_00010	91.2	91.9
vB_VpP_AC2_22	OK585158_00010	91.2	91.9
vB_VpP_AC2_22	ON080941_00018	91.2	91.9
vB_VpP_AC2_22	OK349506_00030	91.2	91.9
vB_VpP_AC2_22	MW331544_00031	91.2	91.9
vB_VpP_AC2_22	LR794124_00032	91.2	91.9
vB_VpP_AC2_22	MT501516_00030	91.2	91.9
vB_VpP_AC2_22	FJ896200_00032	91.2	91.9
vB_VpP_AC2_22	OP117450_00007	91.2	91.9
vB_VpP_AC2_22	ON872379_00018	91.2	91.9
vB_VpP_AC2_22	ON080940_00021	91.2	91.9
vB_VpP_AC2_22	OM362522_00020	91.2	91.9
vB_VpP_AC2_22	OM799543_00030	91.2	91.9
vB_VpP_AC2_22	MZ592921_00018	91.2	91.9
vB_VpP_AC2_23	ON864052_00023	100	98.5
vB_VpP_AC2_23	ON864052_00027	100	98.5
vB_VpP_AC2_23	ON864052_00022	100	53.0
vB_VpP_AC2_23	ON864052_00026	100	53.0
vB_VpP_AC2_23	ON457557_00030	94.1	51.5
vB_VpP_AC2_23	ON457556_00025	94.1	51.5
vB_VpP_AC2_23	ON457555_00031	94.1	51.5
vB_VpP_AC2_23	ON457554_00030	94.1	51.5
vB_VpP_AC2_23	MN974282_00029	94.1	51.5
vB_VpP_AC2_23	MK474470_00029	94.1	51.5
vB_VpP_AC2_23	OK585160_00010	91.2	51.5
vB_VpP_AC2_23	OK585159_00010	91.2	51.5
vB_VpP_AC2_23	OK585158_00010	91.2	51.5
vB_VpP_AC2_23	ON080941_00018	91.2	51.5
vB_VpP_AC2_23	OK349506_00030	91.2	51.5
vB_VpP_AC2_23	MW331544_00031	91.2	51.5
vB_VpP_AC2_23	LR794124_00032	91.2	51.5
vB_VpP_AC2_23	MT501516_00030	91.2	51.5
vB_VpP_AC2_23	FJ896200_00032	91.2	51.5
vB_VpP_AC2_23	OP117450_00007	91.2	51.5
vB_VpP_AC2_23	ON872379_00018	91.2	51.5
vB_VpP_AC2_23	ON080940_00021	91.2	51.5
vB_VpP_AC2_23	OM362522_00020	91.2	51.5
vB_VpP_AC2_23	OM799543_00030	91.2	51.5
vB_VpP_AC2_23	MZ592921_00018	91.2	51.5
vB_VpP_AC2_24	ON457555_00029	100	97.6
vB_VpP_AC2_24	ON864052_00024	100	97.6
vB_VpP_AC2_24	ON457557_00028	100	97.6
vB_VpP_AC2_24	ON457556_00023	100	97.6
vB_VpP_AC2_24	ON457554_00028	100	97.6
vB_VpP_AC2_24	OK585160_00012	100	97.6
vB_VpP_AC2_24	OK585159_00012	100	97.6
vB_VpP_AC2_24	OK585158_00012	100	97.6
vB_VpP_AC2_24	OP117450_00009	100	97.6
vB_VpP_AC2_24	ON872379_00020	100	97.6
vB_VpP_AC2_24	ON864052_00020	100	97.6
vB_VpP_AC2_24	ON080941_00020	100	97.6
vB_VpP_AC2_24	ON080940_00019	100	97.6
vB_VpP_AC2_24	OM362522_00022	100	97.6
vB_VpP_AC2_24	OM799543_00029	100	97.6
vB_VpP_AC2_24	OK349506_00028	100	97.6
vB_VpP_AC2_24	MZ592921_00016	100	97.6
vB_VpP_AC2_24	MZ516827_00020	100	97.6
vB_VpP_AC2_24	MZ182247_00019	100	97.6
vB_VpP_AC2_24	MZ020222_00017	100	97.6
vB_VpP_AC2_24	MW331544_00029	100	97.6
vB_VpP_AC2_24	MW250641_00021	100	97.6
vB_VpP_AC2_24	LR794124_00030	100	97.6
vB_VpP_AC2_24	MT501516_00028	100	97.6
vB_VpP_AC2_24	MT178448_00028	100	97.6
vB_VpP_AC2_25	ON864052_00021	100	98.8
vB_VpP_AC2_25	ON864052_00025	100	98.8
vB_VpP_AC2_25	OK585158_00011	98.8	98.8
vB_VpP_AC2_25	ON080941_00019	97.5	98.8
vB_VpP_AC2_25	MW331544_00030	97.5	98.8
vB_VpP_AC2_25	LR794124_00031	97.5	98.8
vB_VpP_AC2_25	MT501516_00029	97.5	98.8
vB_VpP_AC2_25	FJ896200_00031	97.5	98.8
vB_VpP_AC2_25	MN974282_00028	97.5	98.8
vB_VpP_AC2_25	MK474470_00028	97.5	98.8
vB_VpP_AC2_25	ON457557_00029	97.5	98.8
vB_VpP_AC2_25	ON457556_00024	97.5	98.8
vB_VpP_AC2_25	ON457555_00030	97.5	98.8
vB_VpP_AC2_25	ON457554_00029	97.5	98.8
vB_VpP_AC2_25	MW250641_00020	97.5	98.8
vB_VpP_AC2_25	MT178448_00029	97.5	98.8
vB_VpP_AC2_25	MF754111_00005	97.5	98.8
vB_VpP_AC2_25	OK349506_00029	96.3	98.8
vB_VpP_AC2_25	OK585160_00011	96.3	98.8
vB_VpP_AC2_25	OK585159_00011	96.3	98.8
vB_VpP_AC2_25	OP117450_00008	96.3	98.8
vB_VpP_AC2_25	ON872379_00019	96.3	98.8
vB_VpP_AC2_25	ON080940_00020	96.3	98.8
vB_VpP_AC2_25	OM362522_00021	96.3	98.8
vB_VpP_AC2_25	MZ592921_00017	96.3	98.8
vB_VpP_AC2_26	ON864052_00022	100	97.3
vB_VpP_AC2_26	ON864052_00026	100	97.3
vB_VpP_AC2_26	ON864052_00023	100	94.6
vB_VpP_AC2_26	ON864052_00027	100	94.6
vB_VpP_AC2_26	ON457557_00030	94.1	91.9
vB_VpP_AC2_26	ON457556_00025	94.1	91.9
vB_VpP_AC2_26	ON457555_00031	94.1	91.9
vB_VpP_AC2_26	ON457554_00030	94.1	91.9
vB_VpP_AC2_26	MN974282_00029	94.1	91.9
vB_VpP_AC2_26	MK474470_00029	94.1	91.9
vB_VpP_AC2_26	OK585160_00010	91.2	91.9
vB_VpP_AC2_26	OK585159_00010	91.2	91.9
vB_VpP_AC2_26	OK585158_00010	91.2	91.9
vB_VpP_AC2_26	ON080941_00018	91.2	91.9
vB_VpP_AC2_26	OK349506_00030	91.2	91.9
vB_VpP_AC2_26	MW331544_00031	91.2	91.9
vB_VpP_AC2_26	LR794124_00032	91.2	91.9
vB_VpP_AC2_26	MT501516_00030	91.2	91.9
vB_VpP_AC2_26	FJ896200_00032	91.2	91.9
vB_VpP_AC2_26	OP117450_00007	91.2	91.9
vB_VpP_AC2_26	ON872379_00018	91.2	91.9
vB_VpP_AC2_26	ON080940_00021	91.2	91.9
vB_VpP_AC2_26	OM362522_00020	91.2	91.9
vB_VpP_AC2_26	OM799543_00030	91.2	91.9
vB_VpP_AC2_26	MZ592921_00018	91.2	91.9
vB_VpP_AC2_27	ON864052_00023	100	98.5
vB_VpP_AC2_27	ON864052_00027	100	98.5
vB_VpP_AC2_27	ON864052_00022	100	53.0
vB_VpP_AC2_27	ON864052_00026	100	53.0
vB_VpP_AC2_27	ON457557_00030	94.1	51.5
vB_VpP_AC2_27	ON457556_00025	94.1	51.5
vB_VpP_AC2_27	ON457555_00031	94.1	51.5
vB_VpP_AC2_27	ON457554_00030	94.1	51.5
vB_VpP_AC2_27	MN974282_00029	94.1	51.5
vB_VpP_AC2_27	MK474470_00029	94.1	51.5
vB_VpP_AC2_27	OK585160_00010	91.2	51.5
vB_VpP_AC2_27	OK585159_00010	91.2	51.5
vB_VpP_AC2_27	OK585158_00010	91.2	51.5
vB_VpP_AC2_27	ON080941_00018	91.2	51.5
vB_VpP_AC2_27	OK349506_00030	91.2	51.5
vB_VpP_AC2_27	MW331544_00031	91.2	51.5
vB_VpP_AC2_27	LR794124_00032	91.2	51.5
vB_VpP_AC2_27	MT501516_00030	91.2	51.5
vB_VpP_AC2_27	FJ896200_00032	91.2	51.5
vB_VpP_AC2_27	OP117450_00007	91.2	51.5
vB_VpP_AC2_27	ON872379_00018	91.2	51.5
vB_VpP_AC2_27	ON080940_00021	91.2	51.5
vB_VpP_AC2_27	OM362522_00020	91.2	51.5
vB_VpP_AC2_27	OM799543_00030	91.2	51.5
vB_VpP_AC2_27	MZ592921_00018	91.2	51.5
vB_VpP_AC2_28	ON864052_00028	100	99.8
vB_VpP_AC2_28	OK585160_00010	99.8	99.8
vB_VpP_AC2_28	OK585159_00010	99.8	99.8
vB_VpP_AC2_28	OK585158_00010	99.8	99.8
vB_VpP_AC2_28	MT501516_00030	99.8	99.8
vB_VpP_AC2_28	MF754111_00006	99.8	99.8
vB_VpP_AC2_28	ON080941_00018	99.6	99.8
vB_VpP_AC2_28	OM799543_00030	99.6	99.8
vB_VpP_AC2_28	OK349506_00030	99.6	99.8
vB_VpP_AC2_28	MW331544_00031	99.6	99.8
vB_VpP_AC2_28	LR794124_00032	99.6	99.8
vB_VpP_AC2_28	FJ896200_00032	99.6	99.8
vB_VpP_AC2_28	OP117450_00007	99.3	99.8
vB_VpP_AC2_28	ON872379_00018	99.3	99.8
vB_VpP_AC2_28	ON080940_00021	99.3	99.8
vB_VpP_AC2_28	MW250641_00019	99.3	99.8
vB_VpP_AC2_28	MF754112_00042	99.3	99.8
vB_VpP_AC2_28	MT178448_00030	99.1	99.8
vB_VpP_AC2_28	MZ592921_00018	99.1	99.8
vB_VpP_AC2_28	ON457556_00025	98.9	99.8
vB_VpP_AC2_28	ON457555_00031	98.9	99.8
vB_VpP_AC2_28	ON457554_00030	98.9	99.8
vB_VpP_AC2_28	MZ516827_00022	98.9	99.8
vB_VpP_AC2_28	OM362522_00020	99.1	99.8
vB_VpP_AC2_28	MZ020222_00015	98.7	99.8
vB_VpP_AC2_29	ON864052_00029	100	99.6
vB_VpP_AC2_29	ON080941_00017	100	99.6
vB_VpP_AC2_29	OK349506_00031	99.6	99.6
vB_VpP_AC2_29	OK585158_00009	98.2	99.6
vB_VpP_AC2_29	MW331544_00032	98.2	99.6
vB_VpP_AC2_29	LR794124_00033	98.2	99.6
vB_VpP_AC2_29	MT501516_00031	99.3	99.6
vB_VpP_AC2_29	FJ896200_00033	99.3	99.6
vB_VpP_AC2_29	OK585159_00009	98.9	99.6
vB_VpP_AC2_29	OP117450_00006	98.5	99.6
vB_VpP_AC2_29	ON872379_00017	98.5	99.6
vB_VpP_AC2_29	OM362522_00019	98.5	99.6
vB_VpP_AC2_29	OM799543_00031	98.5	99.6
vB_VpP_AC2_29	MZ592921_00019	97.4	99.6
vB_VpP_AC2_29	MF754112_00043	98.5	99.6
vB_VpP_AC2_29	MF754111_00007	98.5	99.6
vB_VpP_AC2_29	MZ516827_00023	98.5	99.6
vB_VpP_AC2_29	OK585160_00009	97.8	99.6
vB_VpP_AC2_29	MZ020222_00014	97.0	99.6
vB_VpP_AC2_29	MW250641_00018	97.0	99.6
vB_VpP_AC2_29	MZ182247_00022	96.3	99.6
vB_VpP_AC2_29	ON080940_00022	97.0	99.6
vB_VpP_AC2_29	MT178448_00031	95.9	99.6
vB_VpP_AC2_29	ON457557_00032	83.7	99.6
vB_VpP_AC2_29	ON457556_00026	83.7	99.6
vB_VpP_AC2_30	ON864052_00030	100	99.7
vB_VpP_AC2_30	MW331544_00033	99.7	99.7
vB_VpP_AC2_30	LR794124_00034	99.7	99.7
vB_VpP_AC2_30	MT501516_00032	99.7	99.7
vB_VpP_AC2_30	FJ896200_00034	99.7	99.7
vB_VpP_AC2_30	OK585160_00008	99.4	99.7
vB_VpP_AC2_30	OK585159_00008	99.4	99.7
vB_VpP_AC2_30	ON080940_00023	99.4	99.7
vB_VpP_AC2_30	OK349506_00032	99.4	99.7
vB_VpP_AC2_30	MZ516827_00024	99.1	99.7
vB_VpP_AC2_30	OK585158_00008	98.8	99.7
vB_VpP_AC2_30	OM799543_00032	97.9	99.7
vB_VpP_AC2_30	MF754111_00008	97.9	99.7
vB_VpP_AC2_30	OP117450_00005	97.6	99.7
vB_VpP_AC2_30	OM362522_00018	97.6	99.7
vB_VpP_AC2_30	MZ592921_00020	97.6	99.7
vB_VpP_AC2_30	ON872379_00016	97.6	99.7
vB_VpP_AC2_30	MZ182247_00023	97.6	99.7
vB_VpP_AC2_30	MZ020222_00013	97.6	99.7
vB_VpP_AC2_30	MT178448_00032	97.6	99.7
vB_VpP_AC2_30	MF754112_00044	97.9	99.4
vB_VpP_AC2_30	ON080941_00016	97.6	99.7
vB_VpP_AC2_30	MW250641_00017	97.3	99.4
vB_VpP_AC2_30	ON457557_00033	96.7	99.4
vB_VpP_AC2_30	ON457556_00027	96.7	99.4
vB_VpP_AC2_31	OK585158_00007	100	97.7
vB_VpP_AC2_31	ON864052_00031	100	97.7
vB_VpP_AC2_31	ON080941_00015	100	97.7
vB_VpP_AC2_31	FJ896200_00035	100	97.7
vB_VpP_AC2_31	OK349506_00033	97.6	97.7
vB_VpP_AC2_31	MZ516827_00025	97.6	97.7
vB_VpP_AC2_31	MW331544_00034	97.6	97.7
vB_VpP_AC2_31	LR794124_00035	97.6	97.7
vB_VpP_AC2_31	MT501516_00033	97.6	97.7
vB_VpP_AC2_31	OK585160_00007	95.2	97.7
vB_VpP_AC2_31	OK585159_00007	95.2	97.7
vB_VpP_AC2_31	ON080940_00024	95.2	97.7
vB_VpP_AC2_31	OP117450_00004	92.9	97.7
vB_VpP_AC2_31	ON872379_00015	92.9	97.7
vB_VpP_AC2_31	OM362522_00017	92.9	97.7
vB_VpP_AC2_31	OM799543_00033	92.9	97.7
vB_VpP_AC2_31	MZ592921_00021	92.9	97.7
vB_VpP_AC2_31	MZ182247_00024	92.9	97.7
vB_VpP_AC2_31	MZ020222_00012	92.9	97.7
vB_VpP_AC2_31	MW250641_00016	92.9	97.7
vB_VpP_AC2_31	MT178448_00033	92.9	97.7
vB_VpP_AC2_31	MF754112_00045	90.5	97.7
vB_VpP_AC2_31	MF754111_00009	90.5	97.7
vB_VpP_AC2_31	ON457557_00034	88.1	97.7
vB_VpP_AC2_31	ON457556_00028	88.1	97.7
vB_VpP_AC2_32	ON864052_00032	100	99.5
vB_VpP_AC2_32	OK349506_00034	100	99.5
vB_VpP_AC2_32	MZ516827_00026	100	99.5
vB_VpP_AC2_32	MW331544_00035	100	99.5
vB_VpP_AC2_32	LR794124_00036	100	99.5
vB_VpP_AC2_32	MT501516_00034	100	99.5
vB_VpP_AC2_32	MF754111_00010	99.5	99.5
vB_VpP_AC2_32	OK585158_00006	99.5	99.5
vB_VpP_AC2_32	ON080941_00014	99.5	99.5
vB_VpP_AC2_32	OM799543_00034	99.5	99.5
vB_VpP_AC2_32	FJ896200_00036	99.5	99.5
vB_VpP_AC2_32	MF754112_00046	98.9	99.5
vB_VpP_AC2_32	ON080940_00025	97.8	99.5
vB_VpP_AC2_32	MZ592921_00022	97.8	99.5
vB_VpP_AC2_32	OK585160_00006	97.3	99.5
vB_VpP_AC2_32	OK585159_00006	97.3	99.5
vB_VpP_AC2_32	OP117450_00003	97.3	99.5
vB_VpP_AC2_32	MW250641_00015	97.3	99.5
vB_VpP_AC2_32	MT178448_00034	96.8	99.5
vB_VpP_AC2_32	ON872379_00014	96.2	99.5
vB_VpP_AC2_32	OM362522_00016	96.2	99.5
vB_VpP_AC2_32	MZ182247_00025	96.2	99.5
vB_VpP_AC2_32	MZ020222_00011	96.2	99.5
vB_VpP_AC2_32	ON457557_00035	96.2	99.5
vB_VpP_AC2_32	ON457556_00029	96.2	99.5
vB_VpP_AC2_33	ON864052_00033	100	99.9
vB_VpP_AC2_33	MZ516827_00027	99.0	99.9
vB_VpP_AC2_33	MT501516_00035	98.8	99.9
vB_VpP_AC2_33	FJ896200_00037	98.8	99.9
vB_VpP_AC2_33	MF754112_00047	98.8	99.9
vB_VpP_AC2_33	MW331544_00036	98.7	99.9
vB_VpP_AC2_33	LR794124_00037	98.7	99.9
vB_VpP_AC2_33	ON080941_00013	98.5	99.9
vB_VpP_AC2_33	OK585160_00005	98.2	99.9
vB_VpP_AC2_33	OK585159_00005	98.2	99.9
vB_VpP_AC2_33	OK585158_00005	96.8	99.9
vB_VpP_AC2_33	OK349506_00035	98.3	99.9
vB_VpP_AC2_33	MF754111_00011	98.3	99.9
vB_VpP_AC2_33	MN974282_00034	94.2	99.9
vB_VpP_AC2_33	MK474470_00034	94.2	99.9
vB_VpP_AC2_33	ON457555_00036	94.1	99.9
vB_VpP_AC2_33	ON457554_00036	94.1	99.9
vB_VpP_AC2_33	ON457557_00036	94.1	99.9
vB_VpP_AC2_33	ON457556_00030	94.1	99.9
vB_VpP_AC2_33	MZ592921_00023	94.6	99.9
vB_VpP_AC2_33	ON080940_00026	95.4	99.9
vB_VpP_AC2_33	MW250641_00014	95.0	99.9
vB_VpP_AC2_33	MZ182247_00026	94.4	99.9
vB_VpP_AC2_33	OP117450_00002	95.1	99.9
vB_VpP_AC2_33	ON872379_00013	94.2	99.9
vB_VpP_AC2_34	ON864052_00034	100	99.6
vB_VpP_AC2_34	OK585158_00004	98.4	99.6
vB_VpP_AC2_34	FJ896200_00038	98.4	99.6
vB_VpP_AC2_34	OK585160_00004	98.0	99.6
vB_VpP_AC2_34	OK585159_00004	98.0	99.6
vB_VpP_AC2_34	OK349506_00036	98.0	99.6
vB_VpP_AC2_34	ON457557_00037	86.7	99.6
vB_VpP_AC2_34	ON457556_00031	86.7	99.6
vB_VpP_AC2_34	ON457555_00037	86.7	99.6
vB_VpP_AC2_34	ON457554_00037	86.7	99.6
vB_VpP_AC2_34	MN974282_00035	86.7	99.6
vB_VpP_AC2_34	MK474470_00035	86.7	99.6
vB_VpP_AC2_34	MZ182247_00027	84.9	85.1
vB_VpP_AC2_34	MW250641_00013	84.4	85.1
vB_VpP_AC2_34	MT178448_00036	84.8	98.0
vB_VpP_AC2_34	ON872379_00012	84.0	85.1
vB_VpP_AC2_34	MZ020222_00009	84.0	85.1
vB_VpP_AC2_34	OM362522_00014	84.0	85.1
vB_VpP_AC2_34	ON080941_00012	84.4	85.1
vB_VpP_AC2_34	MT501516_00036	84.4	85.1
vB_VpP_AC2_34	OP117450_00001	83.0	85.1
vB_VpP_AC2_34	ON080940_00027	83.0	85.1
vB_VpP_AC2_34	OM799543_00036	83.0	85.1
vB_VpP_AC2_34	MZ592921_00024	83.0	85.1
vB_VpP_AC2_34	MF754112_00048	83.0	85.1
vB_VpP_AC2_35	ON864052_00035	100	99.9
vB_VpP_AC2_35	MT501516_00037	99.0	99.9
vB_VpP_AC2_35	MZ516827_00029	98.9	99.9
vB_VpP_AC2_35	ON080941_00011	98.9	99.9
vB_VpP_AC2_35	OK585158_00003	98.5	99.9
vB_VpP_AC2_35	FJ896200_00039	98.2	99.9
vB_VpP_AC2_35	OK349506_00037	98.2	99.9
vB_VpP_AC2_35	MW331544_00038	98.0	99.9
vB_VpP_AC2_35	LR794124_00039	98.0	99.9
vB_VpP_AC2_35	ON080940_00028	98.0	99.9
vB_VpP_AC2_35	OM799543_00037	97.8	99.9
vB_VpP_AC2_35	OK585160_00003	98.1	99.9
vB_VpP_AC2_35	OK585159_00003	98.1	99.9
vB_VpP_AC2_35	MW250641_00012	95.3	99.9
vB_VpP_AC2_35	MF754111_00013	95.3	99.9
vB_VpP_AC2_35	ON872379_00011	95.2	99.9
vB_VpP_AC2_35	MF754112_00049	94.8	99.9
vB_VpP_AC2_35	MZ182247_00028	94.7	99.9
vB_VpP_AC2_35	MT178448_00037	94.4	99.9
vB_VpP_AC2_35	MZ020222_00008	94.5	99.9
vB_VpP_AC2_35	MN974282_00036	93.5	99.9
vB_VpP_AC2_35	MK474470_00036	93.5	99.9
vB_VpP_AC2_35	ON457557_00038	93.4	99.9
vB_VpP_AC2_35	ON457556_00032	93.4	99.9
vB_VpP_AC2_35	ON457555_00038	93.3	99.9
vB_VpP_AC2_36	ON864052_00036	100	99.9
vB_VpP_AC2_36	MF754112_00050	99.3	99.9
vB_VpP_AC2_36	OK585160_00002	99.3	99.9
vB_VpP_AC2_36	OK585159_00002	99.3	99.9
vB_VpP_AC2_36	ON872379_00010	99.2	99.9
vB_VpP_AC2_36	MF754111_00014	99.2	99.9
vB_VpP_AC2_36	MZ020222_00007	99.2	99.9
vB_VpP_AC2_36	OP117450_00046	99.2	99.9
vB_VpP_AC2_36	ON080941_00010	99.1	99.9
vB_VpP_AC2_36	MZ182247_00029	99.2	99.9
vB_VpP_AC2_36	OM799543_00038	99.2	99.9
vB_VpP_AC2_36	MZ592921_00026	99.2	99.9
vB_VpP_AC2_36	MZ516827_00030	99.2	99.9
vB_VpP_AC2_36	OK585158_00002	99.2	99.9
vB_VpP_AC2_36	OM362522_00011	99.1	99.9
vB_VpP_AC2_36	ON080940_00029	99.0	99.9
vB_VpP_AC2_36	MW250641_00011	99.1	99.9
vB_VpP_AC2_36	MT501516_00038	99.1	99.9
vB_VpP_AC2_36	OK349506_00038	98.9	99.9
vB_VpP_AC2_36	MT178448_00038	98.9	99.9
vB_VpP_AC2_36	MW331544_00039	98.8	99.9
vB_VpP_AC2_36	LR794124_00040	98.8	99.9
vB_VpP_AC2_36	FJ896200_00040	98.5	99.9
vB_VpP_AC2_36	ON457555_00039	98.0	99.9
vB_VpP_AC2_36	ON457554_00039	98.0	99.9
vB_VpP_AC2_37	ON864052_00037	100	99.5
vB_VpP_AC2_37	OK349506_00039	99.5	99.5
vB_VpP_AC2_37	MZ516827_00031	99.5	99.5
vB_VpP_AC2_37	ON080941_00009	99.0	99.5
vB_VpP_AC2_37	MW331544_00040	99.0	99.5
vB_VpP_AC2_37	LR794124_00041	99.0	99.5
vB_VpP_AC2_37	OK585158_00001	98.5	99.5
vB_VpP_AC2_37	MF754111_00015	98.0	99.5
vB_VpP_AC2_37	FJ896200_00041	98.5	99.5
vB_VpP_AC2_37	OM799543_00039	98.0	99.5
vB_VpP_AC2_37	MZ592921_00027	98.0	99.5
vB_VpP_AC2_37	MZ020222_00006	98.0	99.5
vB_VpP_AC2_37	MT501516_00039	98.0	99.5
vB_VpP_AC2_37	OK585160_00001	98.0	99.5
vB_VpP_AC2_37	OK585159_00001	98.0	99.5
vB_VpP_AC2_37	ON080940_00030	97.5	99.5
vB_VpP_AC2_37	ON872379_00009	97.0	99.5
vB_VpP_AC2_37	OM362522_00010	97.0	99.5
vB_VpP_AC2_37	MZ182247_00030	97.0	99.5
vB_VpP_AC2_37	OP117450_00045	97.0	99.5
vB_VpP_AC2_37	MW250641_00010	96.1	99.5
vB_VpP_AC2_37	MT178448_00039	96.1	99.5
vB_VpP_AC2_37	ON457555_00040	95.1	99.5
vB_VpP_AC2_37	ON457554_00040	95.1	99.5
vB_VpP_AC2_37	ON457557_00040	94.6	99.5
vB_VpP_AC2_38	ON864052_00038	100	99.9
vB_VpP_AC2_38	OK585158_00049	99.0	99.9
vB_VpP_AC2_38	ON080941_00008	98.9	99.9
vB_VpP_AC2_38	OK585160_00048	98.7	99.9
vB_VpP_AC2_38	OK585159_00048	98.7	99.9
vB_VpP_AC2_38	MT501516_00040	97.9	99.9
vB_VpP_AC2_38	MZ516827_00032	98.2	99.9
vB_VpP_AC2_38	MW331544_00041	98.4	99.9
vB_VpP_AC2_38	LR794124_00042	98.4	99.9
vB_VpP_AC2_38	MF754111_00016	98.0	99.9
vB_VpP_AC2_38	ON080940_00031	98.0	99.9
vB_VpP_AC2_38	OM799543_00040	98.0	99.9
vB_VpP_AC2_38	OK349506_00040	97.7	99.9
vB_VpP_AC2_38	MZ592921_00028	97.9	99.9
vB_VpP_AC2_38	MF754112_00002	97.9	99.9
vB_VpP_AC2_38	ON872379_00008	97.8	99.9
vB_VpP_AC2_38	MZ182247_00031	97.8	99.9
vB_VpP_AC2_38	OP117450_00044	97.6	99.9
vB_VpP_AC2_38	MZ020222_00005	97.5	99.9
vB_VpP_AC2_38	OM362522_00009	97.6	99.9
vB_VpP_AC2_38	MW250641_00009	96.5	99.9
vB_VpP_AC2_38	ON457555_00041	96.8	99.9
vB_VpP_AC2_38	ON457554_00041	96.8	99.9
vB_VpP_AC2_38	FJ896200_00042	96.7	99.9
vB_VpP_AC2_38	ON457557_00041	96.2	99.9
vB_VpP_AC2_39	OK585160_00047	100	99.0
vB_VpP_AC2_39	OK585159_00047	100	99.0
vB_VpP_AC2_39	OK585158_00048	100	99.0
vB_VpP_AC2_39	ON864052_00039	100	99.0
vB_VpP_AC2_39	MZ516827_00033	100	99.0
vB_VpP_AC2_39	MW331544_00042	100	99.0
vB_VpP_AC2_39	LR794124_00043	100	99.0
vB_VpP_AC2_39	MT501516_00041	100	99.0
vB_VpP_AC2_39	FJ896200_00043	100	99.0
vB_VpP_AC2_39	OP117450_00043	99.0	99.0
vB_VpP_AC2_39	ON872379_00007	99.0	99.0
vB_VpP_AC2_39	ON080941_00007	99.0	99.0
vB_VpP_AC2_39	ON080940_00032	99.0	99.0
vB_VpP_AC2_39	OM799543_00041	99.0	99.0
vB_VpP_AC2_39	OK349506_00041	99.0	99.0
vB_VpP_AC2_39	MZ182247_00032	99.0	99.0
vB_VpP_AC2_39	MF754112_00003	99.0	99.0
vB_VpP_AC2_39	MT178448_00041	99.0	99.0
vB_VpP_AC2_39	OM362522_00008	97.0	99.0
vB_VpP_AC2_39	MW250641_00008	99.0	99.0
vB_VpP_AC2_39	MZ592921_00029	98.0	99.0
vB_VpP_AC2_39	MZ020222_00004	98.0	99.0
vB_VpP_AC2_39	MF754111_00017	98.0	99.0
vB_VpP_AC2_39	ON457557_00042	97.0	99.0
vB_VpP_AC2_39	ON457556_00036	97.0	99.0
vB_VpP_AC2_40	ON864052_00040	100	99.8
vB_VpP_AC2_40	OP117450_00042	99.8	99.8
vB_VpP_AC2_40	OM799543_00042	99.8	99.8
vB_VpP_AC2_40	MZ592921_00030	99.8	99.8
vB_VpP_AC2_40	MZ020222_00003	99.8	99.8
vB_VpP_AC2_40	OK585160_00046	99.7	99.8
vB_VpP_AC2_40	OK585159_00046	99.7	99.8
vB_VpP_AC2_40	OK585158_00047	99.7	99.8
vB_VpP_AC2_40	ON080941_00006	99.7	99.8
vB_VpP_AC2_40	ON080940_00033	99.7	99.8
vB_VpP_AC2_40	OK349506_00042	99.7	99.8
vB_VpP_AC2_40	MZ516827_00034	99.7	99.8
vB_VpP_AC2_40	MW331544_00043	99.7	99.8
vB_VpP_AC2_40	LR794124_00044	99.7	99.8
vB_VpP_AC2_40	MT501516_00042	99.7	99.8
vB_VpP_AC2_40	MF754112_00004	99.7	99.8
vB_VpP_AC2_40	MW250641_00007	99.5	99.8
vB_VpP_AC2_40	MF754111_00018	99.5	99.8
vB_VpP_AC2_40	FJ896200_00044	99.7	99.8
vB_VpP_AC2_40	ON872379_00006	99.5	99.8
vB_VpP_AC2_40	OM362522_00007	99.4	99.8
vB_VpP_AC2_40	MT178448_00042	99.2	99.8
vB_VpP_AC2_40	MZ182247_00033	99.4	99.8
vB_VpP_AC2_40	ON457557_00043	98.7	99.8
vB_VpP_AC2_40	ON457556_00037	98.7	99.8
vB_VpP_AC2_41	ON457557_00044	100	96.8
vB_VpP_AC2_41	ON457556_00038	100	96.8
vB_VpP_AC2_41	ON457555_00044	100	96.8
vB_VpP_AC2_41	ON457554_00044	100	96.8
vB_VpP_AC2_41	OK585160_00045	100	96.8
vB_VpP_AC2_41	OK585159_00045	100	96.8
vB_VpP_AC2_41	OK585158_00046	100	96.8
vB_VpP_AC2_41	OP117450_00041	100	96.8
vB_VpP_AC2_41	ON872379_00005	100	96.8
vB_VpP_AC2_41	ON864052_00041	100	96.8
vB_VpP_AC2_41	ON080941_00005	100	96.8
vB_VpP_AC2_41	ON080940_00034	100	96.8
vB_VpP_AC2_41	OM362522_00006	100	96.8
vB_VpP_AC2_41	OM799543_00043	100	96.8
vB_VpP_AC2_41	OK349506_00043	100	96.8
vB_VpP_AC2_41	MZ516827_00035	100	96.8
vB_VpP_AC2_41	MZ182247_00034	100	96.8
vB_VpP_AC2_41	MW331544_00044	100	96.8
vB_VpP_AC2_41	MW250641_00006	100	96.8
vB_VpP_AC2_41	LR794124_00045	100	96.8
vB_VpP_AC2_41	MT501516_00043	100	96.8
vB_VpP_AC2_41	MT178448_00043	100	96.8
vB_VpP_AC2_41	MN974282_00042	100	96.8
vB_VpP_AC2_41	MK474470_00042	100	96.8
vB_VpP_AC2_41	MF754112_00005	100	96.8
vB_VpP_AC2_42	OK585160_00044	100	99.0
vB_VpP_AC2_42	OK585159_00044	100	99.0
vB_VpP_AC2_42	ON872379_00004	100	99.0
vB_VpP_AC2_42	ON864052_00042	100	99.0
vB_VpP_AC2_42	OM799543_00044	100	99.0
vB_VpP_AC2_42	OK349506_00044	100	99.0
vB_VpP_AC2_42	MZ516827_00036	100	99.0
vB_VpP_AC2_42	MW331544_00045	100	99.0
vB_VpP_AC2_42	LR794124_00046	100	99.0
vB_VpP_AC2_42	FJ896200_00046	100	99.0
vB_VpP_AC2_42	OK585158_00045	99.0	99.0
vB_VpP_AC2_42	ON080941_00004	99.0	99.0
vB_VpP_AC2_42	ON080940_00035	99.0	99.0
vB_VpP_AC2_42	MT501516_00044	99.0	99.0
vB_VpP_AC2_42	ON457557_00045	98.0	99.0
vB_VpP_AC2_42	ON457556_00039	98.0	99.0
vB_VpP_AC2_42	OP117450_00040	98.0	99.0
vB_VpP_AC2_42	OM362522_00005	98.0	99.0
vB_VpP_AC2_42	MZ592921_00032	98.0	99.0
vB_VpP_AC2_42	MZ182247_00035	98.0	99.0
vB_VpP_AC2_42	MZ020222_00001	98.0	99.0
vB_VpP_AC2_42	MW250641_00005	98.0	99.0
vB_VpP_AC2_42	MT178448_00044	98.0	99.0
vB_VpP_AC2_42	MF754112_00006	98.0	99.0
vB_VpP_AC2_42	MF754111_00020	98.0	99.0
vB_VpP_AC2_43	ON864052_00043	100	99.5
vB_VpP_AC2_43	OK585158_00044	99.5	99.5
vB_VpP_AC2_43	ON080940_00036	99.5	99.5
vB_VpP_AC2_43	MT501516_00045	99.5	99.5
vB_VpP_AC2_43	ON872379_00003	98.9	99.5
vB_VpP_AC2_43	MZ516827_00037	98.9	99.5
vB_VpP_AC2_43	MN974282_00044	78.4	99.5
vB_VpP_AC2_43	MK474470_00044	78.4	99.5
vB_VpP_AC2_43	ON457555_00046	77.9	99.5
vB_VpP_AC2_43	ON457554_00046	77.9	99.5
vB_VpP_AC2_43	OM362522_00004	77.9	99.5
vB_VpP_AC2_43	MZ182247_00036	77.9	99.5
vB_VpP_AC2_43	MF754111_00021	77.9	99.5
vB_VpP_AC2_43	ON457557_00046	77.5	99.5
vB_VpP_AC2_43	ON457556_00040	77.5	99.5
vB_VpP_AC2_43	MT178448_00045	77.5	99.5
vB_VpP_AC2_43	OM799543_00045	77.5	99.5
vB_VpP_AC2_43	MF754112_00007	77.0	99.5
vB_VpP_AC2_43	OK585160_00043	76.5	99.5
vB_VpP_AC2_43	OK585159_00043	76.5	99.5
vB_VpP_AC2_43	MW250641_00004	77.0	99.5
vB_VpP_AC2_43	MZ592921_00033	51.0	99.5
vB_VpP_AC2_43	OP117450_00039	50.0	99.5
vB_VpP_AC2_43	MZ020222_00049	49.5	99.5
vB_VpP_AC2_43	OK349506_00045	42.6	97.3
vB_VpP_AC2_44	ON872379_00002	100	99.3
vB_VpP_AC2_44	ON864052_00044	100	99.3
vB_VpP_AC2_44	ON080940_00037	100	99.3
vB_VpP_AC2_44	MZ516827_00038	100	99.3
vB_VpP_AC2_44	MZ182247_00038	100	99.3
vB_VpP_AC2_44	MT501516_00046	99.3	99.3
vB_VpP_AC2_44	MF754112_00009	99.3	99.3
vB_VpP_AC2_44	MF754111_00023	99.3	99.3
vB_VpP_AC2_44	OK585160_00041	98.5	99.3
vB_VpP_AC2_44	OK585159_00041	98.5	99.3
vB_VpP_AC2_44	OM362522_00002	98.5	99.3
vB_VpP_AC2_44	OM799543_00047	98.5	99.3
vB_VpP_AC2_44	MZ020222_00047	97.8	99.3
vB_VpP_AC2_44	OK349506_00046	96.4	99.3
vB_VpP_AC2_44	OK585158_00043	96.4	99.3
vB_VpP_AC2_44	ON080941_00002	96.4	99.3
vB_VpP_AC2_44	FJ896200_00048	96.4	99.3
vB_VpP_AC2_44	MZ592921_00035	97.1	99.3
vB_VpP_AC2_44	MW250641_00002	96.4	99.3
vB_VpP_AC2_44	MW331544_00047	95.6	99.3
vB_VpP_AC2_44	LR794124_00048	95.6	99.3
vB_VpP_AC2_44	OP117450_00037	96.4	99.3
vB_VpP_AC2_44	MN974282_00046	93.4	99.3
vB_VpP_AC2_44	MK474470_00046	93.4	99.3
vB_VpP_AC2_44	ON457557_00048	92.7	99.3
vB_VpP_AC2_45	ON864052_00045	100	99.2
vB_VpP_AC2_45	OK585160_00040	99.2	99.2
vB_VpP_AC2_45	OK585159_00040	99.2	99.2
vB_VpP_AC2_45	OM799543_00048	99.2	99.2
vB_VpP_AC2_45	MZ592921_00036	99.2	99.2
vB_VpP_AC2_45	MZ182247_00039	99.2	99.2
vB_VpP_AC2_45	MW250641_00001	99.2	99.2
vB_VpP_AC2_45	MT178448_00048	99.2	99.2
vB_VpP_AC2_45	OP117450_00036	98.3	99.2
vB_VpP_AC2_45	MZ516827_00039	98.3	99.2
vB_VpP_AC2_45	ON872379_00001	98.3	99.2
vB_VpP_AC2_45	MT501516_00047	98.3	99.2
vB_VpP_AC2_45	MF754111_00024	98.3	99.2
vB_VpP_AC2_45	ON457557_00049	97.5	99.2
vB_VpP_AC2_45	ON457556_00043	97.5	99.2
vB_VpP_AC2_45	ON457555_00049	97.5	99.2
vB_VpP_AC2_45	ON457554_00049	97.5	99.2
vB_VpP_AC2_45	ON080940_00038	97.5	99.2
vB_VpP_AC2_45	OK585158_00042	97.5	99.2
vB_VpP_AC2_45	ON080941_00001	95.9	99.2
vB_VpP_AC2_45	FJ896200_00049	95.1	99.2
vB_VpP_AC2_45	OK349506_00047	94.3	99.2
vB_VpP_AC2_45	MW331544_00048	94.3	99.2
vB_VpP_AC2_45	LR794124_00049	94.3	99.2
vB_VpP_AC2_45	MN974282_00047	94.3	99.2
vB_VpP_AC2_46	ON864052_00046	100	99.2
vB_VpP_AC2_46	MT178448_00049	84.8	55.9
vB_VpP_AC2_46	MW331544_00049	70.1	56.8
vB_VpP_AC2_46	LR794124_00050	70.1	56.8
vB_VpP_AC2_46	MT501516_00048	55.7	60.2
vB_VpP_AC2_46	FJ896200_00050	67.1	55.9
vB_VpP_AC2_46	MZ592921_00037	66.7	50.8
vB_VpP_AC2_46	OK349506_00048	64.2	56.8
vB_VpP_AC2_46	OK585158_00041	80.9	36.4
vB_VpP_AC2_46	MZ020222_00045	85.4	34.7
vB_VpP_AC2_46	OM799543_00049	80.0	33.1
vB_VpP_AC2_46	MN974282_00048	46.9	68.6
vB_VpP_AC2_46	MK474470_00048	46.9	68.6
vB_VpP_AC2_46	ON080941_00049	51.9	31.4
vB_VpP_AC2_47	ON864052_00047	100	98.9
vB_VpP_AC2_47	ON080941_00048	100	98.9
vB_VpP_AC2_47	MT501516_00001	100	98.9
vB_VpP_AC2_47	OP117450_00035	97.7	98.9
vB_VpP_AC2_47	OM799543_00001	97.7	98.9
vB_VpP_AC2_47	MF754111_00026	97.7	98.9
vB_VpP_AC2_47	OK585160_00039	97.7	98.9
vB_VpP_AC2_47	OK585159_00039	97.7	98.9
vB_VpP_AC2_47	MW331544_00001	96.6	98.9
vB_VpP_AC2_47	LR794124_00001	96.6	98.9
vB_VpP_AC2_47	MF754112_00012	96.6	98.9
vB_VpP_AC2_47	OK585158_00040	95.4	98.9
vB_VpP_AC2_47	MZ516827_00040	96.6	98.9
vB_VpP_AC2_47	MW250641_00048	96.6	98.9
vB_VpP_AC2_47	MN974282_00001	96.6	98.9
vB_VpP_AC2_47	MK474470_00001	96.6	98.9
vB_VpP_AC2_47	OK349506_00001	95.4	98.9
vB_VpP_AC2_47	OM362522_00049	95.4	98.9
vB_VpP_AC2_47	MZ592921_00038	95.4	98.9
vB_VpP_AC2_47	MZ020222_00044	95.4	98.9
vB_VpP_AC2_47	ON872379_00047	94.3	98.9
vB_VpP_AC2_47	MT178448_00001	94.3	98.9
vB_VpP_AC2_47	ON457557_00001	87.4	98.9
vB_VpP_AC2_47	ON457556_00044	87.4	98.9
vB_VpP_AC2_47	ON457555_00001	86.2	98.9
vB_VpP_AC2_48	OP117450_00034	100	99.4
vB_VpP_AC2_48	ON864052_00048	100	99.4
vB_VpP_AC2_48	MZ592921_00039	100	99.4
vB_VpP_AC2_48	ON872379_00046	99.4	99.4
vB_VpP_AC2_48	OK585158_00039	99.4	99.4
vB_VpP_AC2_48	MF754112_00013	98.3	99.4
vB_VpP_AC2_48	MW250641_00047	98.3	99.4
vB_VpP_AC2_48	MZ516827_00041	97.8	99.4
vB_VpP_AC2_48	MZ182247_00042	97.8	99.4
vB_VpP_AC2_48	MZ020222_00043	97.8	99.4
vB_VpP_AC2_48	MF754111_00027	97.2	99.4
vB_VpP_AC2_48	OM799543_00002	97.8	99.4
vB_VpP_AC2_48	OK585160_00038	97.2	99.4
vB_VpP_AC2_48	OK585159_00038	97.2	99.4
vB_VpP_AC2_48	MT501516_00002	97.2	99.4
vB_VpP_AC2_48	MW331544_00002	96.6	99.4
vB_VpP_AC2_48	LR794124_00002	96.6	99.4
vB_VpP_AC2_48	FJ896200_00002	96.6	99.4
vB_VpP_AC2_48	OM362522_00048	96.6	99.4
vB_VpP_AC2_48	ON080941_00047	96.6	99.4
vB_VpP_AC2_48	OK349506_00002	96.6	99.4
vB_VpP_AC2_48	ON457557_00002	96.6	98.3
vB_VpP_AC2_48	ON457556_00045	96.6	98.3
vB_VpP_AC2_48	ON457555_00002	96.6	98.3
vB_VpP_AC2_48	ON457554_00002	96.6	98.3
vB_VpP_AC2_49	ON864052_00049	100	99.0
vB_VpP_AC2_49	OK349506_00003	99.0	99.0
vB_VpP_AC2_49	MW331544_00003	99.0	99.0
vB_VpP_AC2_49	LR794124_00003	99.0	99.0
vB_VpP_AC2_49	OK585158_00038	99.0	99.0
vB_VpP_AC2_49	ON872379_00045	99.0	99.0
vB_VpP_AC2_49	MT501516_00003	99.0	99.0
vB_VpP_AC2_49	MN974282_00003	99.0	99.0
vB_VpP_AC2_49	MK474470_00003	99.0	99.0
vB_VpP_AC2_49	OK585160_00037	97.1	99.0
vB_VpP_AC2_49	OK585159_00037	97.1	99.0
vB_VpP_AC2_49	ON080941_00046	97.1	99.0
vB_VpP_AC2_49	MZ182247_00043	97.1	99.0
vB_VpP_AC2_49	MF754111_00028	97.1	99.0
vB_VpP_AC2_49	MF754112_00014	96.1	99.0
vB_VpP_AC2_49	FJ896200_00003	95.1	99.0
vB_VpP_AC2_49	ON457557_00003	91.3	99.0
vB_VpP_AC2_49	ON457556_00046	91.3	99.0
vB_VpP_AC2_49	ON457555_00003	91.3	99.0
vB_VpP_AC2_49	ON457554_00003	91.3	99.0
vB_VpP_AC2_49	MW250641_00046	54.6	93.3
vB_VpP_AC2_49	MT178448_00003	53.6	93.3
vB_VpP_AC2_49	OP117450_00033	51.5	99.0
vB_VpP_AC2_49	MZ592921_00040	51.5	99.0
vB_VpP_AC2_49	OM799543_00003	51.5	99.0
vB_VpP_AC2_50	ON864052_00050	100	98.0
vB_VpP_AC2_50	OK585160_00036	91.8	98.0
vB_VpP_AC2_50	OK585159_00036	91.8	98.0
vB_VpP_AC2_50	ON872379_00044	91.8	98.0
vB_VpP_AC2_50	ON080941_00045	91.8	98.0
vB_VpP_AC2_50	MZ182247_00044	89.8	98.0
vB_VpP_AC2_50	MW250641_00045	75.5	98.0
vB_VpP_AC2_50	MT501516_00004	69.4	98.0
vB_VpP_AC2_50	ON457555_00004	67.3	98.0
vB_VpP_AC2_50	ON457554_00004	67.3	98.0
vB_VpP_AC2_50	MW331544_00004	67.3	98.0
vB_VpP_AC2_50	LR794124_00004	67.3	98.0
vB_VpP_AC2_50	FJ896200_00004	67.3	98.0
vB_VpP_AC2_50	MZ020222_00041	67.3	98.0
vB_VpP_AC2_50	OK349506_00004	65.3	98.0
vB_VpP_AC2_50	MF754112_00015	65.3	98.0
vB_VpP_AC2_50	MF754111_00029	65.3	98.0
vB_VpP_AC2_50	MT178448_00004	65.3	98.0
vB_VpP_AC2_50	OM362522_00046	61.2	98.0
vB_VpP_AC2_50	OM799543_00004	61.2	98.0
vB_VpP_AC2_50	ON457557_00004	52.5	80.0
vB_VpP_AC2_50	ON457556_00047	52.5	80.0
vB_VpP_AC2_50	OK585158_00037	58.6	58.0
vB_VpP_AC2_51	OK585160_00035	100	98.7
vB_VpP_AC2_51	OK585159_00035	100	98.7
vB_VpP_AC2_51	OK585158_00036	100	98.7
vB_VpP_AC2_51	ON864052_00051	100	98.7
vB_VpP_AC2_51	ON080941_00044	100	98.7
vB_VpP_AC2_51	MT501516_00005	100	98.7
vB_VpP_AC2_51	FJ896200_00005	98.7	98.7
vB_VpP_AC2_51	OK349506_00005	98.7	98.7
vB_VpP_AC2_51	MW331544_00005	98.7	98.7
vB_VpP_AC2_51	LR794124_00005	98.7	98.7
vB_VpP_AC2_51	ON872379_00043	98.7	98.7
vB_VpP_AC2_51	OM799543_00005	98.7	98.7
vB_VpP_AC2_51	MZ182247_00045	98.7	98.7
vB_VpP_AC2_51	MZ020222_00040	98.7	98.7
vB_VpP_AC2_51	MF754112_00016	98.7	98.7
vB_VpP_AC2_51	MF754111_00030	98.7	98.7
vB_VpP_AC2_51	OP117450_00032	98.7	98.7
vB_VpP_AC2_51	MZ592921_00041	98.7	98.7
vB_VpP_AC2_51	MZ516827_00043	97.4	98.7
vB_VpP_AC2_51	MT178448_00005	97.4	98.7
vB_VpP_AC2_51	OM362522_00045	96.1	98.7
vB_VpP_AC2_51	MW250641_00044	93.5	98.7
vB_VpP_AC2_51	ON457557_00005	89.6	98.7
vB_VpP_AC2_51	ON457555_00005	89.6	98.7
vB_VpP_AC2_51	ON457554_00005	89.6	98.7
vB_VpP_AC2_52	ON864052_00052	100	99.3
vB_VpP_AC2_52	ON872379_00042	99.3	99.3
vB_VpP_AC2_52	MW331544_00006	99.3	99.3
vB_VpP_AC2_52	LR794124_00006	99.3	99.3
vB_VpP_AC2_52	FJ896200_00006	99.3	99.3
vB_VpP_AC2_52	OK585158_00035	98.6	99.3
vB_VpP_AC2_52	ON080941_00043	98.6	99.3
vB_VpP_AC2_52	MZ182247_00046	98.6	99.3
vB_VpP_AC2_52	MT501516_00006	98.6	99.3
vB_VpP_AC2_52	MZ020222_00039	97.9	99.3
vB_VpP_AC2_52	MW250641_00043	97.9	99.3
vB_VpP_AC2_52	OM362522_00044	97.2	99.3
vB_VpP_AC2_52	MZ516827_00044	97.2	99.3
vB_VpP_AC2_52	OM799543_00006	97.9	99.3
vB_VpP_AC2_52	MF754112_00017	97.9	99.3
vB_VpP_AC2_52	MF754111_00031	97.9	99.3
vB_VpP_AC2_52	OK349506_00006	97.9	99.3
vB_VpP_AC2_52	MT178448_00006	96.5	99.3
vB_VpP_AC2_52	OP117450_00031	96.5	99.3
vB_VpP_AC2_52	MZ592921_00042	96.5	99.3
vB_VpP_AC2_52	OK585160_00034	95.8	99.3
vB_VpP_AC2_52	OK585159_00034	95.8	99.3
vB_VpP_AC2_52	ON457557_00006	93.7	99.3
vB_VpP_AC2_52	ON457556_00001	93.7	99.3
vB_VpP_AC2_52	ON457555_00006	93.7	99.3
vB_VpP_AC2_53	ON864052_00053	100	99.9
vB_VpP_AC2_53	ON872379_00041	96.5	99.6
vB_VpP_AC2_53	MT501516_00007	95.7	99.9
vB_VpP_AC2_53	FJ896200_00007	94.7	99.9
vB_VpP_AC2_53	MF754111_00032	92.7	99.9
vB_VpP_AC2_53	MF754112_00018	92.1	99.6
vB_VpP_AC2_53	OK585158_00034	90.7	99.9
vB_VpP_AC2_53	OM362522_00043	90.5	99.9
vB_VpP_AC2_53	MT178448_00007	89.8	99.9
vB_VpP_AC2_53	MW331544_00007	89.1	99.9
vB_VpP_AC2_53	LR794124_00007	89.1	99.9
vB_VpP_AC2_53	OK585160_00033	88.9	99.6
vB_VpP_AC2_53	OK585159_00033	88.9	99.6
vB_VpP_AC2_53	OM799543_00007	88.3	99.6
vB_VpP_AC2_53	MZ020222_00038	88.8	99.9
vB_VpP_AC2_53	ON080941_00042	88.1	99.9
vB_VpP_AC2_53	OP117450_00030	88.9	99.9
vB_VpP_AC2_53	MZ592921_00043	88.9	99.9
vB_VpP_AC2_53	MZ516827_00045	87.9	99.6
vB_VpP_AC2_53	OK349506_00007	86.8	99.9
vB_VpP_AC2_53	ON457555_00007	86.8	99.6
vB_VpP_AC2_53	ON457554_00007	86.8	99.6
vB_VpP_AC2_53	MN974282_00006	86.5	99.6
vB_VpP_AC2_53	MK474470_00006	86.5	99.6
vB_VpP_AC2_53	ON457557_00007	86.1	99.7
